Price,Open,High,Low,Close,Volume,Change (%)
Ticker,CHT,CHT,CHT,CHT,CHT,
Date,,,,,,
2023-01-04,33.39376388610317,33.41160760928588,32.98336846292763,33.09042739868164,219000,-0.5096404451391257
2023-01-05,33.04582074558417,33.117192237031446,32.92091808304471,33.05474090576172,144200,-0.10784536715093829
2023-01-06,33.20640867784977,33.59004020382954,33.197485114915125,33.5186653137207,163500,1.403503386342142
2023-01-09,33.741709682320796,33.78631729085723,33.59004313262847,33.60788345336914,86600,0.26617449953150185
2023-01-10,33.5989603294179,33.67033521945449,33.4294500705941,33.49190139770508,128700,-0.34510371896816494
2023-01-11,33.22425185650531,33.41160583496094,33.16179712701141,33.41160583496094,208700,-0.23974620548011805
2023-01-12,33.17072166883787,33.43837070358018,33.099346777790785,33.40268325805664,196700,-0.026705022645034937
2023-01-13,33.28670565278299,33.64356991394117,32.296401116969385,33.61680603027344,260800,0.6410346455180349
2023-01-17,33.634649374439306,33.84876724805055,33.53651059764156,33.78631591796875,90200,0.5042415021303981
2023-01-18,33.76847597765758,33.83092731473573,33.63465314249408,33.75955581665039,99300,-0.07920396347246283
2023-01-19,33.75955348799823,33.99151509495371,33.732789603480164,33.97367477416992,84200,0.6342469630892689
2023-01-20,33.93798501119973,34.10749527382346,33.88445384247227,34.0450439453125,139400,0.21007197960474233
2023-01-23,34.11642131410286,34.3037753132393,34.00935896887426,34.250244140625,85900,0.6027314743435763
2023-01-24,34.23239854316744,34.384068488937125,34.08965216068303,34.34838104248047,75000,0.2865290578733859
2023-01-25,34.30377534464348,34.31269550508283,34.15210539043532,34.277008056640625,98300,-0.20779141162889925
2023-01-26,34.39299053092073,34.446521703535026,34.22348025598905,34.250244140625,74900,-0.07808124901508284
2023-01-27,34.25916809366237,34.26808825419491,34.08073425292969,34.08073425292969,81300,-0.4949158522763675
2023-01-30,33.875535137714365,34.26808684855021,33.875535137714365,34.08965301513672,111200,0.0261695130769235
2023-01-31,33.68817778197887,33.68817778197887,32.96552569061705,33.05474090576172,183000,-3.035854043206221
2023-02-01,33.45621541440104,33.554354190818046,33.11719147859929,33.5365104675293,161400,1.45749005608935
2023-02-02,33.69710063929063,33.88445462917335,33.643569469320326,33.7327880859375,107700,0.5852654783455868
2023-02-03,33.77739658844473,33.77739658844473,33.42052891919539,33.500823974609375,114900,-0.6876517610615918
2023-02-06,33.50082671403808,33.50082671403808,33.05474379267048,33.11719512939453,140600,-1.1451325660097211
2023-02-07,33.161802740862775,33.3045525429093,33.02797990645805,33.11719512939453,173500,0.0
2023-02-08,33.32239100476342,33.420529786520994,33.152880729309146,33.242095947265625,174700,0.3771479359380603
2023-02-09,33.32238896020215,33.34915624662066,33.01013231317119,33.063663482666016,139600,-0.5367665892146767
2023-02-10,33.23317237743665,33.25101609986585,33.0904260013451,33.09934616088867,121800,0.10792112689317346
2023-02-13,33.322387292160414,33.58111616008738,33.286703250959,33.46513366699219,143700,1.1051200356813728
2023-02-14,33.49190279510603,33.58111800803207,33.313468965911724,33.340232849121094,112000,-0.37322671146025055
2023-02-15,33.12611869369374,33.197490191374406,32.974448730690604,33.11719512939453,115300,-0.6689746911363925
2023-02-16,33.1528764213725,33.4472927283883,33.1528764213725,33.30454635620117,80300,0.5657219039070904
2023-02-17,33.117192357984145,33.447296142578125,33.117192357984145,33.447296142578125,64700,0.42861951893955474
2023-02-21,33.32238667480034,33.384837999923334,33.2688589123189,33.30454635620117,78300,-0.4267902127826573
2023-02-22,33.48297933033831,33.71494432997618,33.46513560703215,33.56327438354492,106300,0.7768549812286363
2023-02-23,33.80416059212647,33.89337921142578,33.75063282388923,33.89337921142578,116700,0.9835298669271131
2023-02-24,33.67033866393615,33.706022709262854,33.51866870876356,33.661415100097656,147200,-0.6843935798821921
2023-02-27,33.670335287552994,33.732786614790285,33.527588910533176,33.54542922973633,81700,-0.344566234118282
2023-02-28,33.465138377312186,33.58112088673228,33.37592315673828,33.37592315673828,144800,-0.5053030379703394
2023-03-01,33.411608786748175,33.67033767700195,33.411608786748175,33.67033767700195,142200,0.8821164852311547
2023-03-02,33.69710213044144,33.893379692342585,33.69710213044144,33.804161071777344,138700,0.397451893887002
2023-03-03,34.05396183980129,34.29484697803778,34.000434077976685,34.285926818847656,139800,1.4251669965936076
2023-03-06,34.33946276164883,34.41975781889908,34.21455669221547,34.250244140625,89400,-0.10407383300788942
2023-03-07,34.31269693541414,34.38407183527382,34.16995053903732,34.29485321044922,105100,0.13024453093257726
2023-03-08,34.33054160208871,34.46436784132528,34.29485415117993,34.40191650390625,123000,0.3121847257955723
2023-03-09,34.2948502520385,34.4108327526341,34.152103867975555,34.178871154785156,92500,-0.6483515216245794
2023-03-10,34.10749438826591,34.25024076449076,34.02719933893055,34.13425827026367,100800,-0.13052767108500118
2023-03-13,34.42867764938755,34.81230920775754,34.42867764938755,34.616031646728516,145200,1.4114071928861716
2023-03-14,34.464366989611754,34.696328608101055,34.28593314282015,34.687408447265625,137700,0.20619579178093872
2023-03-15,34.46436539613924,34.473285556562246,34.18779277623256,34.223480224609375,267000,-1.3374542620027352
2023-03-16,34.41975555850785,34.67848103413011,34.41975555850785,34.51789093017578,176900,0.860259399786889
2023-03-17,34.375145816505785,34.52681576620609,34.2591667175293,34.2591667175293,354900,-0.7495365611121518
2023-03-20,34.50005059682021,34.70525173018928,34.47328671131229,34.660640716552734,160700,1.171873216688657
2023-03-21,34.633874798721514,34.64279836226219,34.32161814164406,34.482208251953125,146600,-0.51479851760039
2023-03-22,34.56250627440738,35.00858919615411,34.56250627440738,34.767704010009766,174100,0.8279509130348917
2023-03-23,34.99074081021308,35.20485867825975,34.97289708731884,35.053192138671875,105800,0.8211302321830427
2023-03-24,34.97289573631284,35.30299608874923,34.89260068806161,35.231624603271484,115900,0.5090334252404904
2023-03-27,35.106719970703125,35.1870150222087,35.0442686421257,35.106719970703125,71600,-0.35452419232679944
2023-03-28,35.01750574232656,35.3565296807932,34.99074185885418,35.24054718017578,103200,0.3812011192852349
2023-03-29,35.18701550051659,35.32976188253998,35.07103640492035,35.16025161743164,144800,-0.22784993187991986
2023-03-30,35.1870168722814,35.20486059614773,34.963975428965696,34.98181915283203,74900,-0.5074834689497654
2023-03-31,34.91936588203038,34.937209604905924,34.83015067099482,34.8836784362793,91700,-0.28054777861599156
2023-04-03,34.85691746401995,35.1513338110355,34.839073739654545,35.11564636230469,96900,0.6649755313193673
2023-04-04,35.0710365363836,35.410057067871094,34.96397419695809,35.410057067871094,90700,0.8384032078715853
2023-04-05,35.44574102201279,35.47250490256112,35.13348440447603,35.21377944946289,262200,-0.5542990739382136
2023-04-06,35.25838848490789,35.34760369259058,35.16024971445171,35.231624603271484,134300,0.05067662173043885
2023-04-10,35.891829940205604,35.891829940205604,35.48143448655392,35.8115348815918,102000,1.6459935777882517
2023-04-11,36.03457390094868,36.06133778423283,35.76692485808048,35.8026123046875,103100,-0.02491537135673738
2023-04-12,35.95427758461632,36.1327114080405,35.88290609725192,36.061336517333984,102600,0.722640600760327
2023-04-13,36.19516716592449,36.56095501721151,36.18624700516543,36.5341911315918,113000,1.3112509405482475
2023-04-14,36.56095496863157,36.56095496863157,36.16840323224644,36.337913513183594,82800,-0.537243640351126
2023-04-17,36.48065560298557,36.52526320814194,36.400360552367246,36.427127838134766,72400,0.24551306425120156
2023-04-18,36.596639189169196,36.66801067887691,36.53418785942161,36.6412467956543,67700,0.5878008238008103
2023-04-19,36.24869550217075,36.50742098403521,36.21300805524383,36.49850082397461,88500,-0.38957727742118253
2023-04-20,36.605558838773334,36.62340256178704,36.48065618101956,36.560951232910156,72200,0.17110403859252887
2023-04-21,36.85536769271849,36.89105173553453,36.685854025138,36.81075668334961,93100,0.683257524805847
2023-04-24,36.83752284111733,36.83752284111733,36.50741907927977,36.56987380981445,72100,-0.6543817493545712
2023-04-25,36.552033931176176,36.64124914987851,36.480659033540356,36.596641540527344,106200,0.07319612545588772
2023-04-26,36.783992359434194,36.962426184744075,36.76614863656899,36.92673873901367,80200,0.9019876813580741
2023-04-27,36.80183798124792,37.05164330756624,36.80183798124792,36.99811553955078,96400,0.1932929984464149
2023-04-28,37.03379949101903,37.0427230545608,36.76615044158518,36.77507400512695,90100,-0.6028456616537614
2023-05-01,36.748305764751805,36.810757094555235,36.59663922189838,36.66801071166992,55800,-0.2911300557603358
2023-05-02,36.41820427055235,36.41820427055235,36.239770446607004,36.28437805175781,76600,-1.0462325402070816
2023-05-03,36.418204783442086,36.525263717980195,36.35575345468301,36.36467361450195,70500,0.22129513321023087
2023-05-04,36.58771667124546,36.84644556093051,36.53418890327084,36.8286018371582,89500,1.2757662218402022
2023-05-05,36.88213167620083,37.09625295039167,36.81968034692479,37.03379821777344,83700,0.5571658178133765
2023-05-08,36.962428959754014,36.962428959754014,36.67693617916127,36.73938751220703,104400,-0.7949784243980407
2023-05-09,36.82860373892039,37.05164519257828,36.801839853551044,36.89997863769531,73300,0.4371088805847023
2023-05-10,36.81968116851773,36.81968116851773,36.489580791643945,36.74830627441406,70000,-0.41103645281330703
2023-05-11,36.61448574874733,36.61448574874733,36.44497206629357,36.507423400878906,63300,-0.6554938117049214
2023-05-12,36.26653807367144,36.26653807367144,36.06133696203079,36.088104248046875,50400,-1.1485859964084355
2023-05-15,36.28438183565257,36.31114912420816,36.1237951210314,36.25761795043945,65000,0.4697218264152925
2023-05-16,36.35575723802054,36.40928841253135,36.24869829234141,36.337913513183594,79300,0.2214584610988446
2023-05-17,36.51634264221705,36.64124529660225,36.46281147461964,36.56987380981445,103200,0.638342365327893
2023-05-18,36.48958206176758,36.54310983086624,36.40036344103248,36.48958206176758,86100,-0.21955708259875362
2023-05-19,36.82860320446267,36.89997810220179,36.72154426119642,36.79291915893555,100000,0.8312978116726377
2023-05-22,36.52526698154522,36.52526698154522,36.221930470465395,36.23085403442383,63000,-1.527644822319607
2023-05-23,36.38251781480218,36.5698752068796,36.36467409158803,36.41820526123047,94900,0.5171040865573628
2023-05-24,36.40928790777954,36.40928790777954,36.239774225849885,36.25761795043945,57300,-0.4409533903143026
2023-05-25,36.668009691998705,36.801835911194445,36.632325649776355,36.650169372558594,103800,1.0826729507043664
2023-05-26,36.525265154422584,36.56987616529822,36.35575488445901,36.38251876831055,81700,-0.7302847676563418
2023-05-30,36.30222221932593,36.33790966522072,36.21300700793109,36.3111457824707,119800,-0.1961738446267458
2023-05-31,36.30222567247817,36.507423400878906,36.29330551182704,36.507423400878906,83800,0.540543720608655
2023-06-01,36.38251876831055,36.47173738671951,36.31114727692568,36.38251876831055,80800,-0.34213488910683765
2023-06-02,36.47173867135885,36.534190004773684,36.0970272675274,36.12379455566406,154100,-0.7111223230422237
2023-06-05,36.07025968197061,36.543106415981605,36.04349579992231,36.346832275390625,55700,0.6174260552359145
2023-06-06,36.28438087962847,36.40928694846442,36.248696834732016,36.293304443359375,63400,-0.14726959319503186
2023-06-07,36.22192904087914,36.33791154436396,36.177321432874926,36.213008880615234,43500,-0.2212407053467702
2023-06-08,36.02565772727195,36.33791441127957,36.02565772727195,36.24869918823242,47800,0.09855659256277072
2023-06-09,36.320064990000255,36.41820376196678,36.311144830431516,36.346832275390625,31400,0.27072167927630897
2023-06-12,36.22192474365484,36.22192474365484,36.05241449201192,36.15947341918945,44400,-0.515475061985049
2023-06-13,36.30222272922469,36.427128791610905,36.2486949629728,36.391441345214844,62200,0.6415135622585888
2023-06-14,36.275460806604464,36.5252661381932,36.275460806604464,36.5163459777832,41200,0.34322529680397285
2023-06-15,36.56095266300708,36.676935165461785,36.355754945336315,36.57879638671875,72100,0.17102042185037636
2023-06-16,36.543108398406964,36.587716005354736,36.38251829072119,36.471736907958984,138500,-0.2926817974760798
2023-06-20,36.32006782049381,36.32006782049381,36.195165156745084,36.213008880615234,41900,-0.7093932158939498
2023-06-21,36.275458746342586,36.275458746342586,36.09702491819517,36.168399810791016,59000,-0.123185206651244
2023-06-22,36.12379124837324,36.15055513071713,36.025652475322836,36.061336517333984,48400,-0.2960133542460164
2023-06-23,36.016730689094956,36.016730689094956,35.856140580425155,35.88290786743164,71100,-0.49479211569591897
2023-06-26,35.68662731632902,35.731234919806035,35.56172466525659,35.597412109375,69400,-0.7956316113270301
2023-06-27,35.23162850514219,35.517121285355294,35.133489723817235,35.45466995239258,117700,-0.4009902645277674
2023-06-28,35.43518014283407,35.43518014283407,35.064036087790036,35.32383728027344,197700,-0.3690139332697795
2023-06-29,35.37022929168402,35.37022929168402,35.0733126364809,35.11970520019531,83600,-0.5778876129975852
2023-06-30,34.832071660250044,34.859906492554394,34.5258743467983,34.60010528564453,155200,-1.4795110368634012
2023-07-03,34.32174350532362,34.43308636485799,34.191839373086886,34.34029769897461,67900,-0.7508866939133663
2023-07-05,34.368140653458426,34.56299156851951,34.312467446501195,34.35886001586914,165300,0.05405403604024084
2023-07-06,34.20112454064754,34.20112454064754,33.70935693465263,33.87636947631836,190600,-1.4042681838918325
2023-07-07,33.93203808946172,33.93203808946172,33.70935237103745,33.75574493408203,214400,-0.35607281447515016
2023-07-10,33.755748213358956,33.755748213358956,33.40315832882079,33.55161666870117,110900,-0.6047215541516882
2023-07-11,33.700073266459285,33.91348189778482,33.58873040218636,33.89492416381836,181100,1.0232219165684509
2023-07-12,34.034105694690794,34.20112176231511,34.034105694690794,34.19184112548828,74600,0.8759924059274615
2023-07-13,34.20112153959191,34.37741470336914,34.18256380558496,34.37741470336914,77100,0.5427422793636172
2023-07-14,34.73000640442051,34.81351444209862,34.702171571703154,34.711448669433594,67600,0.97166691837276
2023-07-17,34.63721971395219,34.63721971395219,34.44236527510069,34.4794807434082,87800,-0.6682749781908637
2023-07-18,34.28463183651971,34.312466669605016,34.04338481802679,34.145450592041016,114500,-0.9687795296367652
2023-07-19,34.23823802278741,34.34958089060462,34.14544935000144,34.30318832397461,89900,0.4619582673492717
2023-07-20,34.3031900762401,34.414532949744896,34.05266595620971,34.06194305419922,111900,-0.7032736068057654
2023-07-21,34.1083318324215,34.182562766192135,34.00626960777547,34.154727935791016,94700,0.2724004365932897
2023-07-24,34.089776870794736,34.25678938896605,34.052661404745265,34.13616943359375,115500,-0.054336554026002126
2023-07-25,34.24751358585436,34.34029871495717,34.17328619047726,34.26607131958008,68900,0.38054031293415225
2023-07-26,34.38669637772994,34.50731634312595,34.3310231740292,34.49803924560547,68900,0.6769609619438288
2023-07-27,34.303187306867194,34.50731530189192,34.303187306867194,34.37741470336914,113300,-0.34965622648160943
2023-07-28,34.442362969728016,34.442362969728016,34.331020111784,34.423805236816406,69000,0.13494479979823115
2023-07-31,34.33102081608534,34.33102081608534,33.94131903552374,34.05266189575195,77700,-1.078158961541864
2023-08-01,34.03410490274808,34.05266263644406,33.95987396796418,33.978431701660156,55100,-0.21798646554869183
2023-08-02,33.913482419628686,33.932040153880706,33.71863151927134,33.904205322265625,95400,-0.21845145781376196
2023-08-03,33.9413200215627,33.9413200215627,33.71863075511116,33.88564682006836,94600,-0.05473805394010656
2023-08-04,33.969154852546964,34.05266288502557,33.867089086236916,33.88564682006836,78000,0.0
2023-08-07,33.82997413634403,33.99699020385742,33.73718900529252,33.99699020385742,139300,0.3285856822515143
2023-08-08,33.82997315421165,34.191840110143204,33.802138323609455,34.164005279541016,154500,0.4912642992280114
2023-08-09,34.22895812988281,34.34958163736395,34.11761525964501,34.22895812988281,103000,0.19012071275112952
2023-08-10,34.423807790867485,34.57226612564948,34.32174556156966,34.386695861816406,139100,0.46083123925377834
2023-08-11,34.33102468094815,34.44236755371094,34.31246694556666,34.44236755371094,108400,0.16189892776627968
2023-08-14,34.12689082887956,34.12689082887956,33.96915539806786,34.089778900146484,126800,-1.0237062043270129
2023-08-15,34.04338353809349,34.07122190965823,33.96915613948138,34.01554870605469,109900,-0.21774912154527426
2023-08-16,34.22895557729664,34.24751331087336,34.0712201511832,34.164005279541016,193000,0.43643739152707806
2023-08-17,33.96915537244715,34.0990559717296,33.857812507280165,33.99699020385742,134800,-0.4888626913531424
2023-08-18,34.145448067435176,34.27534866493028,34.07122067152047,34.17328643798828,109400,0.5185642407569802
2023-08-21,33.96915208297063,34.02482174040029,33.876363421378656,34.00626754760742,76200,-0.4887410834305772
2023-08-22,33.932038890787716,33.969154357910156,33.885646326647546,33.969154357910156,90900,-0.10913632213622737
2023-08-23,34.034104162459634,34.0990544592199,33.94131903552374,34.05266189575195,110800,0.24583343159483295
2023-08-24,34.24751257045772,34.35885542998508,34.21039710410671,34.23823547363281,89900,0.5449605626983489
2023-08-25,34.08977708450812,34.10833127812352,33.867087826340885,33.95059585571289,139300,-0.8401122719698395
2023-08-28,33.95059766393839,34.117613731577755,33.95059766393839,34.089778900146484,62600,0.4099575896255647
2023-08-29,34.13616971308254,34.35885543215129,34.13616971308254,34.34029769897461,57800,0.7348795061473679
2023-08-30,34.34029843923118,34.377413906384604,34.15472818251554,34.164005279541016,103100,-0.5133689316818568
2023-08-31,34.02482501241092,34.02482501241092,33.80213928222656,33.80213928222656,128100,-1.0592024979318104
2023-09-01,33.87636690446432,33.92276300979341,33.58873087276896,33.6165657043457,77800,-0.5489995066035203
2023-09-05,33.56089455272246,34.09905825960163,33.56089455272246,33.959877014160156,198300,1.0212563437736133
2023-09-06,33.959875714106104,33.959875714106104,33.625847108980864,33.63512420654297,97200,-0.9562838154030251
2023-09-07,33.59800618630008,33.72790677946258,33.47738622952102,33.57017135620117,129000,-0.19311018429110094
2023-09-08,33.65368217168615,33.66295926931179,33.40315806148192,33.44955062866211,128000,-0.3593092399177822
2023-09-11,33.63512346367354,33.783581798070095,33.533057695114806,33.709354400634766,139800,0.7767033251264044
2023-09-12,33.64439979413135,33.71863072940054,33.58873013220528,33.6907958984375,97100,-0.0550544575155576
2023-09-13,33.69079366173816,33.969152571466005,33.68151302568274,33.922760009765625,116200,0.6885088497980085
2023-09-14,33.91348291752022,33.97843321859289,33.82069778442383,33.82069778442383,104800,-0.30086651355142324
2023-09-15,33.894927716226334,34.01555122988753,33.73719227026848,33.79286193847656,344000,-0.08230417398450429
2023-09-18,33.82069553888651,34.08977736233659,33.755745242126245,34.05266189575195,91700,0.768801286343801
2023-09-19,33.978430685661664,34.04338098189259,33.88564555948196,33.95059585571289,123400,-0.2997299898361061
2023-09-20,34.02482681691474,34.14545032521861,33.98771488626636,34.04338455200195,219700,0.2733050597503617
2023-09-21,33.848529995643545,33.848529995643545,33.46810531616211,33.46810531616211,152100,-1.6898414872971723
2023-09-22,33.69079742751615,33.90420606681203,33.662959055763835,33.82997512817383,148500,1.0812378190915073
2023-09-25,33.829975358626655,33.829975358626655,33.477389016271246,33.64440155029297,84300,-0.5485477810071249
2023-09-26,33.45882970395389,33.45882970395389,33.21758270263672,33.21758270263672,117900,-1.2686177431874501
2023-09-27,33.42171552713441,33.42171552713441,33.21758398575412,33.34748458862305,140800,0.39106363382672704
2023-09-28,33.338206994234376,33.523780798221225,33.263976056829264,33.430992126464844,101600,0.2504163023746786
2023-09-29,33.523781297824556,33.55161613000334,33.28253428718858,33.34748458862305,111900,-0.24979078552589407
2023-10-02,33.41243285517454,33.41243285517454,33.189747132254375,33.291812896728516,113200,-0.16694420158311907
2023-10-03,33.143355555095106,33.217582951769984,33.05984752163221,33.12479782104492,142200,-0.5016701139156199
2023-10-04,33.12479885794214,33.28253429301747,32.94850214870975,33.24542236328125,116800,0.3641517840742736
2023-10-05,33.32892890650434,33.44027532112848,32.99490028121046,33.393882751464844,134600,0.4465588872998083
2023-10-06,33.37532374088471,33.56089401245117,33.28253506557543,33.56089401245117,159200,0.5001253140562101
2023-10-09,33.35676753289966,33.820700312106815,33.35676753289966,33.79286193847656,116000,0.691185181000642
2023-10-10,33.86708958182415,33.87636667911273,33.74646607991754,33.80213928222656,112900,0.027453560361023754
2023-10-11,33.92276256093717,34.13617119242883,33.73718876065395,33.98771286010742,115200,0.5489995066035203
2023-10-12,33.81141583158584,33.85781193585442,33.486664338860614,33.59800720214844,150200,-1.146607480070827
2023-10-13,33.551614335264425,33.56089143231912,33.28253250684336,33.301090240478516,110900,-0.8837338473185907
2023-10-16,33.51449717901126,33.81141382315887,33.35676176035028,33.737186431884766,125200,1.3095552976105207
2023-10-17,33.54233754026743,33.64439976689121,33.486664338860614,33.59800720214844,124200,-0.41253952820674566
2023-10-18,33.40315829281171,33.505224065030575,33.25469995309136,33.26397705078125,97900,-0.9941963205062576
2023-10-19,33.20830483694309,33.34748252876602,33.124796806039036,33.19902420043945,128500,-0.19526483632019698
2023-10-20,33.078405501756095,33.32892606448258,33.078405501756095,33.13407516479492,113700,-0.1956353754628437
2023-10-23,33.078406497592866,33.11551842756073,32.939225256753936,32.96706008911133,109900,-0.5040583594167924
2023-10-24,33.106239346598066,33.36604053843867,33.106239346598066,33.301090240478516,146400,1.013223958898024
2023-10-25,33.27325640144375,33.27325640144375,33.12479806746374,33.13407516479492,128000,-0.5015303537437399
2023-10-26,33.05056636524692,33.06912409900536,32.939223502222134,33.01345443725586,78600,-0.36403831083000604
2023-10-27,33.12479804539692,33.18974834524954,32.892831677487315,32.93922424316406,115400,-0.22484830914279996
2023-10-30,33.022731315002765,33.34748280480351,33.022731315002765,33.301090240478516,123300,1.0985868842662505
2023-10-31,33.23614195632746,33.282534523463426,33.05984878540039,33.05984878540039,169100,-0.724425096403869
2023-11-01,33.39387711736891,33.5052199736815,33.24541879577693,33.254695892333984,333900,0.5893768849288827
2023-11-02,33.802137990471245,33.913480851308435,33.27325497708743,33.672237396240234,245400,1.2555865952228018
2023-11-03,33.700072256703095,33.876365414813435,33.644399056471855,33.867088317871094,205300,0.578669362947104
2023-11-06,33.80213878758976,33.996989683531226,33.7371884889426,33.88564682006836,138400,0.05479804470664984
2023-11-07,33.81141789283665,33.87636819534127,33.71863275769463,33.74646759033203,119400,-0.410732102814404
2023-11-08,33.82997409062874,33.8763666560918,33.52378032695185,33.6072883605957,118300,-0.41242606908049595
2023-11-09,33.51450094631719,33.820698260996664,33.44027354669931,33.64440155029297,87700,0.11043196731332916
2023-11-10,33.44027199688121,33.625845796614314,33.26397529434813,33.31037139892578,100500,-0.9928253616515281
2023-11-13,33.2732564233503,33.4031570232276,33.143355823473,33.32892608642578,99800,0.055702433568782794
2023-11-14,33.44954939059026,33.625846094686096,33.44954939059026,33.6072883605957,107600,0.8351972501247085
2023-11-15,34.05266263644406,34.06193973352916,33.941319773793985,33.978431701660156,106900,1.1043537255436942
2023-11-16,33.7928581763837,34.09905547554465,33.7928581763837,34.08049774169922,96700,0.3003847880185484
2023-11-17,34.099056243896484,34.18256427831972,34.03410594373685,34.099056243896484,98400,0.05445490361650762
2023-11-20,34.34957836565773,34.488756055317175,34.303185802437916,34.43308639526367,96300,0.9795876723919017
2023-11-21,34.535155251511426,34.74856389305897,34.535155251511426,34.702171325683594,130900,0.7814720043711754
2023-11-22,34.646496313980364,34.646496313980364,34.498037982407034,34.56298828125,102900,-0.40107877725387153
2023-11-24,34.61866101612818,34.841346740722656,34.61866101612818,34.841346740722656,58200,0.8053657201384512
2023-11-27,35.08259406771683,35.24961013249297,35.06403633390551,35.23105239868164,84400,1.1185149094810942
2023-11-28,35.24960884062796,35.286720767364685,35.11042761190677,35.20321273803711,116500,-0.07902023569859029
2023-11-29,35.351672879750076,35.48157701834231,35.3423957824707,35.3423957824707,127400,0.39537029040308536
2023-11-30,35.29600140369312,35.29600140369312,35.14754307816918,35.20321273803711,150600,-0.3938132697348884
2023-12-01,35.19393668403173,35.36095274763557,35.119705749307464,35.32383728027344,100300,0.34265208443884365
2023-12-04,35.36095176333124,35.53724491910543,35.35167112698614,35.49085235595703,88100,0.4728112474259971
2023-12-05,35.546528127402006,35.75065612792969,35.45373945486584,35.75065612792969,101700,0.7320302408263979
2023-12-06,35.93623044156036,35.93623044156036,35.53724799282868,35.565086364746094,180600,-0.5190667341028798
2023-12-07,35.500131485665456,35.53724695411984,35.34239605402315,35.444461822509766,111000,-0.33916561033827675
2023-12-08,35.286720275878906,35.38878603691607,35.249608349659084,35.286720275878906,91800,-0.4450386280958618
2023-12-11,35.19393455207021,35.19393455207021,34.88773727416992,34.88773727416992,201500,-1.1306888217143762
2023-12-12,35.017643468683275,35.03619766280959,34.87846223605543,34.93413543701172,162700,0.13299275466669425
2023-12-13,34.93413674239664,35.33311918201109,34.84134807066891,35.258888244628906,116300,0.9296145548033818
2023-12-14,35.156821958113134,35.33311866203843,35.11970648996825,35.147544860839844,106600,-0.31578812983709126
2023-12-15,34.952688059343075,34.952688059343075,34.70216751511991,34.804229736328125,295000,-0.9767826625473042
2023-12-18,34.88773930505269,34.88773930505269,34.739280975481115,34.841346740722656,81900,0.10664509651765464
2023-12-19,34.90629832634583,35.05475666139388,34.88774059202409,34.971248626708984,98700,0.37283830316037214
2023-12-20,34.93413386605112,35.03619608725934,34.804229736328125,34.804229736328125,88900,-0.47758915377502653
2023-12-21,34.93413823008623,35.01764626843447,34.869187926873835,35.008365631103516,81100,0.5865261099639252
2023-12-22,35.0454798586944,35.231053663946426,35.0454798586944,35.16610336303711,64000,0.45057153937357874
2023-12-26,35.39806824217342,35.59291913668556,35.38878760556287,35.5186882019043,78700,1.0026269764018991
2023-12-27,35.4908521118901,35.65786816969634,35.4908521118901,35.58363723754883,78200,0.18285876796837464
2023-12-28,35.908391342725146,36.038291931152344,35.908391342725146,36.038291931152344,91500,1.2777071960585085
2023-12-29,36.01973500203612,36.27953618468558,36.01973500203612,36.25170135498047,110600,0.5921740803804587
2024-01-02,36.09396691580147,36.205309777176396,36.02901661837229,36.084686279296875,78900,-0.46070962035178464
2024-01-03,35.87128217618823,35.87128217618823,35.370233927540134,35.425907135009766,188200,-1.825647420593135
2024-01-04,35.25888799467664,35.41662342620672,35.25888799467664,35.3516731262207,86200,-0.20954723475719028
2024-01-05,35.46301826550685,35.61147659439305,35.407345064852365,35.416622161865234,119900,0.18372266402395532
2024-01-08,35.66714634090279,35.86200077389705,35.657869243867715,35.79705047607422,134900,1.0741518840230002
2024-01-09,35.62075602952894,35.7042640662292,35.565086364746094,35.565086364746094,69700,-0.6479978329029246
2024-01-10,35.500131284177655,36.25170358824677,35.500131284177655,35.824886322021484,84400,0.7304915686438873
2024-01-11,35.657869982813615,35.86200151707321,35.657869982813615,35.72282028198242,73600,-0.28490262082513373
2024-01-12,35.6393140469406,35.90839589394497,35.630036949245216,35.862003326416016,89700,0.3896194178817147
2024-01-16,35.07331312965723,35.24960982958697,34.98052800092373,35.036197662353516,113000,-2.3027315472200938
2024-01-17,34.711444611765884,34.91557613323355,34.711444611765884,34.804229736328125,112400,-0.6620807664715289
2024-01-18,34.96197231914191,35.1011535599363,34.87846428257047,35.08259582519531,104100,0.7998053425576357
2024-01-19,35.16610360924623,35.24961164521801,35.06403783866672,35.17538070678711,64100,0.26447553098440935
2024-01-22,35.01764552336486,35.19393869411523,35.01764552336486,35.08259582519531,72000,-0.26377790297489323
2024-01-23,35.17537845962666,35.407344818115234,35.17537845962666,35.407344818115234,137300,0.9256697951828707
2024-01-24,35.53725001042283,35.574365482069254,35.37951456521484,35.425907135009766,150000,0.05242504624360933
2024-01-25,35.39806925670472,35.54652759099638,35.34239605402315,35.444461822509766,74400,0.05237604058885292
2024-01-26,35.56508411541389,36.13107906222345,35.481576083995144,35.79705047607422,67400,0.9947637386344299
2024-01-29,35.926950765619075,35.926950765619075,35.500129975601034,35.602195739746094,61800,-0.5443318199033209
2024-01-30,33.74646528644525,35.212494390379675,33.74646528644525,35.12898635864258,190700,-1.3291578546522853
2024-01-31,35.03619893123089,35.24961110619333,34.86918640136719,34.86918640136719,119400,-0.7395600733337782
2024-02-01,35.156820971195835,35.42590279840386,35.156820971195835,35.416622161865234,130200,1.569969984950914
2024-02-02,35.40734939918656,35.4815803424794,35.296006523773485,35.425907135009766,69300,0.026216427704750522
2024-02-05,35.546527633719016,35.88983686851998,35.342396096500444,35.834163665771484,150800,1.152423646360945
2024-02-06,35.908393832832154,35.91767092999504,35.64858909843575,35.81560516357422,50700,-0.05178996884191989
2024-02-07,35.834163960639444,36.02901840209961,35.81560622623724,36.02901840209961,69000,0.5958666272724011
2024-02-08,35.95478769180999,35.95478769180999,35.72282131960477,35.84344482421875,40000,-0.5150669824244947
2024-02-09,35.7970542981296,36.029020683557,35.69498852221736,35.991905212402344,67500,0.41419118310659364
2024-02-12,35.99189964904648,36.22386599861828,35.99189964904648,36.140357971191406,47100,0.4124615185358671
2024-02-13,35.899112921880935,35.899112921880935,35.57436143077374,35.61147689819336,41600,-1.4634085069650804
2024-02-14,35.65786875459963,35.98262023925781,35.65786875459963,35.98262023925781,56200,1.0422014850029582
2024-02-15,35.95478390437407,36.24242344983826,35.93622617180939,36.038291931152344,60500,0.15471828211608418
2024-02-16,35.917671725166386,36.01046039647854,35.81560595648595,35.92695236206055,71800,-0.3089479637506165
2024-02-20,35.852722948002345,36.14963962976222,35.852722948002345,36.066131591796875,61200,0.3873950351639177
2024-02-21,36.08469061482175,36.1310831843415,35.991905475782275,36.093971252441406,72900,0.07719059243620485
2024-02-22,36.01973876391967,36.01973876391967,35.82488785658244,35.862003326416016,55700,-0.6426777602359324
2024-02-23,35.82488604911222,35.82488604911222,35.70426254800193,35.72282028198242,46800,-0.38810727656999333
2024-02-26,35.60219879531366,35.81560743887566,35.4815788269043,35.4815788269043,120100,-0.6753146956871126
2024-02-27,35.481576468347335,35.481576468347335,35.13826370239258,35.13826370239258,85200,-0.9675869447257957
2024-02-28,35.1475458746385,35.193938441394835,35.01764527191038,35.17538070678711,104500,0.10563129899900936
2024-02-29,35.277445958559454,35.33311916156387,35.00836411999363,35.06403732299805,120900,-0.3165378214871173
2024-03-01,35.15682102747981,35.71354241633864,35.15682102747981,35.704261779785156,149400,1.8258720491584501
2024-03-04,35.704261226410715,35.704261226410715,35.46301777264558,35.50012969970703,48700,-0.5717302918546774
2024-03-05,35.37023036710517,35.49085386805075,35.305280068025056,35.3331184387207,70400,-0.47045253749511406
2024-03-06,35.48157525913763,35.639310681747325,35.48157525913763,35.49085235595703,68900,0.4464194619840711
2024-03-07,35.55580572101682,35.70426405962024,35.518690251484465,35.66714859008789,50100,0.49673710950273176
2024-03-08,35.59292169756142,35.59292169756142,35.37951305399942,35.4815788269043,79300,-0.5202820256709928
2024-03-11,35.57436194966431,35.741378015962916,35.57436194966431,35.72282028198242,57600,0.6799062021873858
2024-03-12,35.685704320382506,35.973343883812504,35.65786948955972,35.80632781982422,77000,0.23376524356872874
2024-03-13,35.68570506319498,35.74137826552519,35.53724672984026,35.630035400390625,63400,-0.49234990061166606
2024-03-14,35.6578714924678,35.78777209630504,35.60219828816927,35.66714859008789,54100,0.10416265176333983
2024-03-15,35.76921488419582,35.77849552147751,35.60219880838579,35.676429748535156,76600,0.026021587971425397
2024-03-18,35.73209762573242,35.88983659589198,35.66714732611551,35.73209762573242,69900,0.1560354485850679
2024-03-19,35.68570278702375,35.843441747135245,35.67642569032338,35.76921081542969,66200,0.10386513013034282
2024-03-20,35.704259504685034,35.7784904342798,35.5836360138563,35.74137496948242,86200,-0.0778206879958887
2024-03-21,35.77849320980612,35.88055543662813,35.592919410948795,35.62075424194336,86400,-0.33748205725732117
2024-03-22,35.732097328275486,35.787770530137614,35.4259035668484,35.4351806640625,102200,-0.5209703776074104
2024-03-25,35.93623122828009,36.05685473716028,35.76921515122324,35.77849578857422,77500,0.9688538849751183
2024-03-26,36.09396923578006,36.465113310727396,36.09396923578006,36.33521270751953,106000,1.5560098508196507
2024-03-27,36.492950439453125,36.65996296679863,36.38160403518831,36.492950439453125,66800,0.43411809145939007
2024-03-28,36.34448903698541,36.40016223983759,36.16819587057567,36.316654205322266,92700,-0.4830966858197949
2024-04-01,36.455835463594916,36.57645542722164,36.40016226071081,36.511505126953125,67100,0.5365332404500656
2024-04-02,36.530063400868826,36.73419494160009,36.47439373668827,36.71563720703125,59800,0.5590897427217634
2024-04-03,36.31665472673131,36.37232793038281,36.131080920752254,36.32593536376953,62800,-1.0614056377784675
2024-04-04,36.437276413982126,36.58573474345478,36.18675231933594,36.18675231933594,51700,-0.38315061412681484
2024-04-05,36.09396946478265,36.14963912963867,35.97334595838462,36.14963912963867,67800,-0.10256015618576031
2024-04-08,36.288816609423286,36.54861779055845,36.288816609423286,36.43727493286133,47100,0.7956809809114507
2024-04-09,36.316654475801776,36.49295118305043,36.27953900695722,36.41872024536133,65400,-0.05092226993974602
2024-04-10,36.12180174626376,36.15891721323065,35.86200055654703,36.084686279296875,83100,-0.9172040198392128
2024-04-11,36.26098350097834,36.37232636396026,36.186752565973194,36.19602966308594,57600,0.3085613185805691
2024-04-12,35.93622891346935,35.97334438143034,35.72282028198242,35.72282028198242,55800,-1.3073516225623805
2024-04-15,36.00118025834585,36.00118025834585,35.72282131960477,35.84344482421875,67800,0.33766802644406013
2024-04-16,35.48157599905834,35.5279685631742,35.35167186419788,35.416622161865234,52000,-1.1907969907655747
2024-04-17,35.40734657986736,35.40734657986736,35.10115281198063,35.258888244628906,87000,-0.44536691420044017
2024-04-18,35.45373738190781,35.46301801838176,35.30527905405614,35.407344818115234,60600,0.42104723341338524
2024-04-19,35.23105160054078,35.43517958878934,35.0733126364809,35.11970520019531,86500,-0.8123727418633209
2024-04-22,35.360954837468555,35.815606951184456,35.360954837468555,35.75993728637695,101000,1.8229996024513362
2024-04-23,35.76921235237665,35.86200102099558,35.69498495700729,35.80632781982422,59200,0.12972767003407437
2024-04-24,35.76921487106237,35.76921487106237,35.35167468169061,35.4815788269043,102200,-0.9069597825111964
2024-04-25,35.22177173471592,35.231052371377295,35.09187113766312,35.13826370239258,55400,-0.9675869447257957
2024-04-26,35.33311866203843,35.398068961529056,35.11970648996825,35.147544860839844,67600,0.026413252874046833
2024-04-29,35.333119721829505,35.69498669828146,35.296004252571365,35.46302032470703,95500,0.8975746815780505
2024-04-30,35.249608032564375,35.30527769115613,34.94341075220732,34.989803314208984,67100,-1.3343956779912403
2024-05-01,35.05475670635382,35.463019782904,34.980529308497545,35.258888244628906,66900,0.7690381337772445
2024-05-02,35.40734475747455,35.49085278796844,34.971246871614674,35.017642974853516,51300,-0.6842112210164175
2024-05-03,35.26816410630621,35.60219623377033,35.26816410630621,35.5186882019043,79700,1.430836528348256
2024-05-06,35.56508532522357,35.667147554184304,35.29600348821811,35.444461822509766,54800,-0.20897838054321216
2024-05-07,35.639310990550314,35.82488478427754,35.639310990550314,35.78776931762695,72800,0.9685786649443751
2024-05-08,35.79705126811608,36.075410199162256,35.79705126811608,36.010459899902344,59700,0.6222533187216772
2024-05-09,35.926952632650455,36.04757259697589,35.7877713943969,36.02901840209961,29200,0.05153642094228861
2024-05-10,35.95478739565184,35.95478739565184,35.407346620175716,35.648590087890625,71300,-1.055894196070617
2024-05-13,35.926954121607324,36.09397019862304,35.880558013916016,35.880558013916016,49900,0.6507071540654996
2024-05-14,35.95478716863027,35.95478716863027,35.750655631411696,35.834163665771484,40800,-0.12930219236427787
2024-05-15,35.954788741935005,36.21458995374452,35.954788741935005,36.15892028808594,28800,0.9062765503430992
2024-05-16,36.084688849844554,36.29809749081804,36.084688849844554,36.242427825927734,41700,0.23094588327436938
2024-05-17,36.30737787526812,36.3816052744472,36.23314693656307,36.33521270751953,36800,0.2560117717208099
2024-05-20,36.353769944646324,36.51150537794678,36.33521221022405,36.41872024536133,30700,0.22982537219196075
2024-05-21,36.42799910272381,36.42799910272381,36.03829727960646,36.07541275024414,59500,-0.9426676522520494
2024-05-22,36.13108116560661,36.37232817687205,36.121804068031466,36.33521270751953,26100,0.7201579620835563
2024-05-23,36.40944416095738,36.65068763610739,36.3259361234966,36.446556091308594,47500,0.306433829589281
2024-05-24,36.372326937929174,36.62285103823621,36.372326937929174,36.492950439453125,41900,0.12729418941066495
2024-05-28,36.36304630114418,36.50222753671226,36.279538267708496,36.492950439453125,74600,0.0
2024-05-29,35.964062474928674,35.964062474928674,35.741376754076576,35.78776931762695,35200,-1.9323762900348762
2024-05-30,36.08468732017425,36.27953821808236,36.08468732017425,36.2053108215332,40300,1.1667156457851435
2024-05-31,36.48366857145801,36.81770069392819,36.25170221302324,36.752750396728516,72600,1.5120421915276516
2024-06-03,36.789867605879685,36.789867605879685,36.39088516731459,36.40944290161133,48200,-0.9341001460063447
2024-06-04,36.39088292466135,36.659961206566855,36.37232519150827,36.64140701293945,55900,0.6370987657101868
2024-06-05,36.75275269403922,36.91048812866211,36.61357145446824,36.91048812866211,42700,0.7343634910843777
2024-06-06,36.78986762678913,36.80842182157051,36.60429382324219,36.60429382324219,40300,-0.8295590791229657
2024-06-07,36.54862002555382,36.54862002555382,36.11252212524414,36.11252212524414,29300,-1.3434809051985908
2024-06-10,36.019737804097204,36.427997342809505,35.964064600830376,36.41872024536133,41500,0.8479001246582518
2024-06-11,36.31665248038927,36.6414075056466,36.260982819707124,36.557899475097656,35200,0.38216397720360895
2024-06-12,36.65068386566138,36.89192731599343,36.539341007010094,36.73419189453125,49300,0.482227977987848
2024-06-13,36.57645366897455,36.63212686918242,36.41871824434084,36.557899475097656,34200,-0.47991369985693755
2024-06-14,36.492952478201516,36.76203078805941,36.492952478201516,36.743473052978516,60000,0.5076155373950453
2024-06-17,36.65996577986405,36.81770476158022,36.548622906581315,36.76203155517578,45200,0.05050829618231667
2024-06-18,36.65996451688703,36.90121153013555,36.65996451688703,36.82698059082031,44000,0.17667422853671066
2024-06-20,36.48366728477957,36.71563363503353,36.40943989325162,36.62284851074219,69000,-0.5543003439413385
2024-06-21,36.20530996790037,36.21458706492809,35.704261779785156,35.704261779785156,175400,-2.508233980455099
2024-06-24,35.722821581937836,36.112523391131965,35.722821581937836,36.04757308959961,139400,0.9615415435051178
2024-06-25,36.047573326618355,36.047573326618355,35.657871514861874,35.75993728637695,62800,-0.7979338928246538
2024-06-26,35.667149601991035,35.750657641045024,35.37023291636045,35.3980712890625,179800,-1.011931297352442
2024-06-27,35.46301728209761,35.75993393163634,35.46301728209761,35.58363723754883,63100,0.5242261561964501
2024-06-28,35.71354345681617,35.88983662168508,35.71354345681617,35.824886322021484,45300,0.6779775852089776
2024-07-01,35.973343142350025,35.991900875691314,35.77849225155512,35.98262023925781,49000,0.44029146615705006
2024-07-02,35.73209891444721,35.862003057892025,35.639313780084045,35.75993728637695,58100,-0.618862526964914
2024-07-03,36.00297678056349,36.30195439526046,35.84866100640951,36.02226257324219,71700,0.7335731177726901
2024-07-05,35.607548734167715,35.74257503885135,35.22177032948632,35.26034927368164,116400,-2.115117833066116
2024-07-08,35.327861723626036,35.4243054081281,34.98065857287343,35.01923751831055,118400,-0.6838042173083592
2024-07-09,35.01923906513688,35.05781433318716,34.75883669057025,34.83599090576172,126500,-0.5232741359745829
2024-07-10,35.11567945517159,35.14461182326415,34.643096594813265,34.893856048583984,79900,0.16610735425555134
2024-07-11,34.95172541117232,35.19283829605348,34.826345680888736,35.00959014892578,74700,0.33167472285280386
2024-07-12,35.17354860561677,35.578616483741264,34.961368090928346,35.21212387084961,91900,0.5785092629256194
2024-07-15,35.2024808211911,35.289281605996024,35.048168723659096,35.10603713989258,67100,-0.3012789894359491
2024-07-16,35.09639320851627,35.23141584414323,35.03852846701379,35.192840576171875,107200,0.2472607088444656
2024-07-17,35.24106017191631,35.35679332662786,35.03852623139844,35.163902282714844,85200,-0.08222778549061838
2024-07-18,35.3085717732844,35.45323729808059,35.10603783111532,35.26999282836914,113800,0.30170299303342585
2024-07-19,35.337503446645286,35.337503446645286,35.038525827165486,35.10603713989258,85700,-0.46485886536581367
2024-07-22,35.22177243560799,35.3278626989436,34.99994901185664,35.289283752441406,93000,0.5219803414968638
2024-07-23,35.511106258401846,35.511106258401846,35.269993367631,35.32786178588867,111500,0.1093194005236775
2024-07-24,35.414664027821466,35.414664027821466,35.279641392100416,35.34715270996094,115100,0.05460541084876258
2024-07-25,35.37608391281976,35.78115180660992,35.231414705557114,35.43395233154297,187600,0.24556326302789255
2024-07-26,35.80044174194336,35.887242531603974,35.56897542224227,35.80044174194336,145400,1.034288828328478
2024-07-29,35.520753523600945,35.61719721014446,35.10603904910034,35.491817474365234,122200,-0.8620683225160963
2024-07-30,35.60754914311053,35.60754914311053,35.20248126167938,35.318214416503906,113800,-0.48913544082862526
2024-07-31,35.60754912866767,35.993331216713806,35.60754912866767,35.829376220703125,105300,1.4473036438681364
2024-08-01,35.549683489081424,35.88724004824144,35.298924034484926,35.35679244995117,127500,-1.3189840868032765
2024-08-02,35.71363945480473,36.13800048828125,35.597906299806894,36.13800048828125,150300,2.209499177381291
2024-08-05,35.60754949795741,36.12835421849382,35.60754949795741,35.73292922973633,189600,-1.1209011375055922
2024-08-06,35.64613024516072,36.53342763009239,35.49181813635837,36.32124710083008,163300,1.6464305719559036
2024-08-07,36.041554868192,36.40804750233445,35.54003960017888,35.59790802001953,221400,-1.9915039778301447
2024-08-08,35.84866417336743,36.359826022683414,35.84866417336743,36.166934967041016,132400,1.5984842331225657
2024-08-09,35.99333160301959,36.42733553695686,35.99333160301959,36.39840316772461,113300,0.6399994937213549
2024-08-12,36.359825791834844,36.465916055719134,36.215156581248834,36.369468688964844,83700,-0.07949381357867935
2024-08-13,36.523778677771105,36.53342525343232,36.23444395247556,36.34053421020508,84700,-0.07955705651687683
2024-08-14,36.485205810914515,36.5720029230276,36.41769081411954,36.47555923461914,88400,0.3715548693726811
2024-08-15,36.44662359402497,36.71666884061364,36.44662359402497,36.533424377441406,71600,0.15864086538075473
2024-08-16,36.707027838921036,36.95778362668329,36.67809179022831,36.764892578125,82900,0.6335792623549441
2024-08-19,36.93849334133116,37.295339381904974,36.93849334133116,37.26640701293945,45600,1.3641123355623508
2024-08-20,37.29533880351266,37.29533880351266,37.044583025155454,37.05422592163086,64100,-0.5693628882304735
2024-08-21,37.19889765787485,37.247119501719894,37.07351792060506,37.18925476074219,72500,0.364408743544975
2024-08-22,37.14102655210614,37.25676338387424,36.90956024675113,36.94813919067383,61800,-0.6483474100773989
2024-08-23,37.29533800807597,37.64254113923509,37.29533800807597,37.55574035644531,54500,1.6444702739586203
2024-08-26,37.62325388560358,37.700411776672304,37.43036651611328,37.43036651611328,50900,-0.33383402681479435
2024-08-27,37.43036597606035,37.50752018692513,37.37249755859375,37.37249755859375,34300,-0.1546043036864675
2024-08-28,37.27605206063015,37.54609730414701,37.27605206063015,37.44965362548828,98800,0.20645146012401305
2024-08-29,37.5557414850594,37.58467753291926,37.31462860107422,37.31462860107422,55400,-0.36055079644892185
2024-08-30,37.37249806698983,37.37249806698983,37.09280623073251,37.27605438232422,116700,-0.1033755934231384
2024-09-03,37.063875168699724,37.382142282596746,36.89027358690467,37.29534149169922,117800,0.05174128457154925
2024-09-04,36.899915299857476,37.2471184523049,36.7359602995855,37.22782897949219,169100,-0.1810213005344341
2024-09-05,37.420719146728516,37.53645230178688,37.36285440874467,37.420719146728516,100900,0.5181343433767971
2024-09-06,37.56538794283654,37.6328992558133,37.31462848398803,37.36285400390625,133600,-0.15463396787050998
2024-09-09,37.32427571691693,37.46894124194739,37.31462914112715,37.37249755859375,78200,0.025810540828841155
2024-09-10,37.35320758058704,37.54609862377453,37.31462863613141,37.46894073486328,51100,0.2580592215393862
2024-09-11,37.38213994938344,37.50751967931891,37.141027065171734,37.46894073486328,156200,0.0
2024-09-12,37.44000840095333,37.64254234089813,37.41107603212997,37.623252868652344,55900,0.411840128817631
2024-09-13,37.758279127149336,38.018677804415184,37.758279127149336,37.9801025390625,97800,0.9484817053325045
2024-09-16,38.018679376324535,38.018679376324535,37.79685595523993,37.951168060302734,57300,-0.07618325603520049
2024-09-17,37.88365722762831,37.94152564742424,37.70041275024414,37.70041275024414,55500,-0.6607314685549426
2024-09-18,37.88365576902335,37.980103131636454,37.66183235364925,37.681121826171875,103600,-0.051168999660733405
2024-09-19,37.82579197556588,37.9801040805114,37.738991186590845,37.79685592651367,84500,0.30714080349225625
2024-09-20,37.883655430506764,37.980102792258045,37.82579069254666,37.931880950927734,92400,0.3572387731841653
2024-09-23,37.989745756596264,38.24050521850586,37.980102859949284,38.24050521850586,58500,0.8136276394450137
2024-09-24,38.288725972782125,38.65521857950296,38.250147029108234,38.635929107666016,60400,1.034044625981556
2024-09-25,38.6262841015269,38.674505943533156,38.47197199965244,38.60699462890625,73300,-0.0748900814035891
2024-09-26,38.722729755515864,39.17601946527659,38.722729755515864,39.14708709716797,77800,1.3989497847556764
2024-09-27,38.96384347015456,39.089219520709484,38.79988479614258,38.79988479614258,93500,-0.8869173335006808
2024-09-30,38.44304048229303,38.54913074451254,38.115126798655815,38.25979232788086,48300,-1.3919950306538365
2024-10-01,38.22121726048869,38.22121726048869,37.89330357513892,37.90294647216797,73700,-0.9326915646974077
2024-10-02,37.94152367713681,37.94152367713681,37.6714784236275,37.777565002441406,81700,-0.33079610266877335
2024-10-03,37.60396700512894,37.60396700512894,37.31462860107422,37.31462860107422,68600,-1.2254267879289515
2024-10-04,37.34356402793285,37.62325217259573,37.28569561226609,37.45929718017578,103800,0.387699367581007
2024-10-07,37.35320973937939,37.35320973937939,37.034942626953125,37.034942626953125,52400,-1.1328417380111255
2024-10-08,36.861337573602206,36.88062704512776,36.707025480488305,36.7841796875,49200,-0.6770982257999436
2024-10-09,36.64915781951151,36.764890971954074,36.56235703540693,36.6395149230957,61000,-0.39327984376243963
2024-10-10,36.649159871125974,36.649159871125974,36.24409197535605,36.359825134277344,102600,-0.7633555995635088
2024-10-11,36.55271418081464,36.591289445612574,36.147642628166295,36.28266525268555,190900,-0.21221191605527157
2024-10-14,36.33088795511125,36.62022636205043,36.33088795511125,36.60093688964844,134200,0.8772002683549607
2024-10-15,36.75524905681983,36.977072471211336,36.73595958438265,36.90956115722656,133500,0.8432141191047293
2024-10-16,36.85169267269297,36.85169267269297,36.53342557578681,36.60093688964844,80500,-0.8361634706613108
2024-10-17,36.60093692317092,36.81311376160579,36.60093692317092,36.7552490234375,106600,0.42160705955236466
2024-10-18,36.98671659469066,37.2085436955306,36.94814132762749,37.131385803222656,107800,1.023355275175275
2024-10-21,36.928851769156424,36.928851769156424,36.58164861275515,36.66844940185547,49100,-1.2467522861131952
2024-10-22,36.78418063479853,36.977071675931036,36.61057906568834,36.8999137878418,61200,0.6312358165180942
2024-10-23,36.47555897888776,36.63951766294168,36.47555897888776,36.523780822753906,81400,-1.0193329102352044
2024-10-24,36.56235736812878,36.56235736812878,36.33088738204666,36.388755798339844,69900,-0.3696907093746038
2024-10-25,36.398402914444276,36.5237789663054,36.388756338706855,36.446624755859375,122500,0.15902977788038175
2024-10-28,36.62022661584318,36.62022661584318,36.485203987184164,36.55271530151367,83900,0.29108469265659576
2024-10-29,36.46591517087793,36.57200175309719,36.436979122008346,36.56235885620117,130100,0.026382594584162256
2024-10-30,36.53342765511874,36.63951791982257,36.46591633741465,36.47555923461914,83400,-0.23740159086401702
2024-10-31,36.48520407295974,36.48520407295974,36.09942197952069,36.35017776489258,112400,-0.3437410484101955
2024-11-01,36.58164924284779,36.63951766294168,36.39840476452011,36.523780822753906,125100,0.4775851688653798
2024-11-04,36.57200008511593,36.84204901406795,36.57200008511593,36.745601654052734,86800,0.6073326098831267
2024-11-05,36.967431455324814,37.19889777816585,36.967431455324814,37.141029357910156,132000,1.0761225454416046
2024-11-06,36.75524762563154,36.90955972002962,35.89688637059908,35.916175842285156,89800,-3.297844827674745
2024-11-07,36.57200087499609,36.85169270644511,36.55271508166711,36.7552490234375,116600,2.336198555316349
2024-11-08,36.58164687636247,36.92885001628332,36.446624250635615,36.543067932128906,78700,-0.5772810603821288
2024-11-11,36.32124505845559,36.64915873110808,36.1187111168707,36.60093688964844,99000,0.15835823534853244
2024-11-12,36.388757504234974,36.43697934719461,36.09942276738634,36.359825134277344,75300,-0.6587584249497347
2024-11-13,36.49484518275707,36.678089644668276,36.33088651339187,36.58164596557617,90600,0.610071226909481
2024-11-14,36.33088676336906,36.3984017541067,35.887239949948004,36.02226257324219,371000,-1.5291367503265763
2024-11-15,36.08977656359258,36.282667616511524,36.08977656359258,36.26337814331055,313000,0.6693515421973162
2024-11-18,36.080133322905006,36.572002008027404,36.080133322905006,36.514137268066406,96400,0.6914941122277085
2024-11-19,36.49484547242472,36.755247822948895,36.49484547242472,36.68773651123047,105400,0.4754302200531191
2024-11-20,36.552715268781114,36.552715268781114,36.17657607330835,36.39840316772461,154600,-0.7886377602425609
2024-11-21,36.4755559621336,36.59128911365867,36.38875517871716,36.533424377441406,97700,0.37095366270496477
2024-11-22,36.54306821985091,36.8613389936478,36.46591400986692,36.6491584777832,168100,0.31678963117747205
2024-11-25,36.79382724679825,37.05422592163086,36.76489119919083,37.05422592163086,142100,1.105257148245875
2024-11-26,36.98671420334839,37.063872090667765,36.86133815509026,36.996360778808594,105400,-0.15616341019955016
2024-11-27,36.948140642027035,37.006005381093466,36.8420503816176,36.967430114746094,96600,-0.07819867536558167
2024-11-29,36.78417993896351,36.81311230690437,36.70702573142437,36.735958099365234,56600,-0.626151221933402
2024-12-02,36.66844889339123,36.928851257081305,36.66844889339123,36.764892578125,161100,0.07876337043259962
2024-12-03,36.80347111897604,36.84205006408165,36.69738085948098,36.707027435302734,58400,-0.15739238921833598
2024-12-04,36.63951425005031,37.40142814198279,36.63951425005031,37.092803955078125,173800,1.050960937807699
2024-12-05,37.218186082631206,37.32427634355578,36.97707319110835,37.22782897949219,128300,0.36401945934738666
2024-12-06,37.1988976317292,37.25676605175709,36.774540255463904,37.034942626953125,95400,-0.5181240964798661
2024-12-09,37.121742906229564,37.44965659035672,37.06387448699861,37.131385803222656,103600,0.2604113019452736
2024-12-10,37.16996300742122,37.16996300742122,36.83240276302979,37.006004333496094,85400,-0.3376697826227626
2024-12-11,36.79382626280803,36.919202309088355,36.707025480488305,36.7841796875,69200,-0.5994287953841826
2024-12-12,36.774539154052825,36.88062941471442,36.62986994786142,36.764892578125,85300,-0.052433164308285374
2024-12-13,36.67809153692866,36.88062916001604,36.6105802222631,36.813114166259766,84200,0.1311620536692537
2024-12-16,36.65880320087711,37.03494241022091,36.57200241088867,36.57200241088867,91700,-0.6549615832068922
2024-12-17,36.543070296118536,36.84205161463399,36.33088976819848,36.523780822753906,75300,-0.131853836147644
2024-12-18,36.42733477851883,36.96742896051689,36.42733477851883,36.543067932128906,97900,0.0528069902417716
2024-12-19,36.46591570747833,37.0349422890766,36.46591570747833,36.6202278137207,100100,0.2111477934340522
2024-12-20,36.24408933015199,36.56235641373014,36.00297645386016,36.27302169799805,160000,-0.948126585909892
2024-12-23,36.533424377441406,36.64915752896648,36.36946570694789,36.533424377441406,130600,0.7178962966234881
2024-12-24,36.43697993873826,36.83240494397218,36.43697993873826,36.726318359375,35000,0.5279931602926835
2024-12-26,36.764894003908104,36.88063084498592,36.533427679934235,36.6298713684082,82000,-0.2626100172171908
2024-12-27,36.64915938983333,36.64915938983333,36.36946755361335,36.61058044433594,57000,-0.0526644603204951
2024-12-30,36.42733688030182,36.57200241088867,36.17657740740596,36.57200241088867,75700,-0.1053740011194848
