Date,Close,High,Low,Open,Volume
,HNHPF,HNHPF,HNHPF,HNHPF,HNHPF
2023-01-03,5.648656845092773,5.818743237092581,5.648656845092773,5.791887311256628,76300
2023-01-04,5.559137344360352,5.791886832643333,5.55018522753464,5.791886832643333,33300
2023-01-05,5.61284875869751,5.648656372241001,5.460666187707461,5.460666187707461,26600
2023-01-06,5.702367782592773,5.7560792028141625,5.559137328669069,5.559137328669069,48600
2023-01-09,5.78293514251709,5.81874275609809,5.756079218901127,5.756079218901127,45300
2023-01-10,5.890357971191406,5.8993100879985265,5.72922371040705,5.791886820615199,36600
2023-01-11,5.827694892883301,5.881406313438762,5.747127548619896,5.881406313438762,40600
2023-01-12,5.827694892883301,5.845598699735121,5.738175431763772,5.818742776027178,50500
2023-01-13,5.773983478546143,5.836647020657818,5.738175862156744,5.756079670351443,28700
2023-01-17,5.773983478546143,5.80979109493554,5.738175862156744,5.765031787879022,37900
2023-01-18,5.78293514251709,5.961973210422092,5.773983025691628,5.961973210422092,36900
2023-01-19,5.729223728179932,5.82769487906161,5.6934161145612165,5.6934161145612165,26800
2023-01-20,5.78293514251709,5.854550369679091,5.711319915355089,5.711319915355089,33700
2023-01-23,5.836647033691406,5.890358458395443,5.7113203760486515,5.72922418428333,74100
2023-01-24,5.899310111999512,6.0962519870927485,5.639704699582761,5.863502498346197,51200
2023-01-25,6.051492691040039,6.051492691040039,5.8635025056943295,5.997780843632328,97600
2023-01-26,6.078348159790039,6.096251966556384,5.979877009144926,6.087300276603424,90300
2023-01-27,5.997780799865723,6.185770983839642,5.997780799865723,6.087300260318387,83000
2023-01-30,5.8455986976623535,5.908261808191293,5.818742773963932,5.908261808191293,68700
2023-01-31,5.935117721557617,5.979877025163166,5.8635024943004,5.8635024943004,37400
2023-02-01,6.06939697265625,6.06939697265625,5.908262271549512,5.935118197354122,24300
2023-02-02,6.051492691040039,6.069396497889134,5.997780843632328,6.015684650481424,35300
2023-02-03,6.015684604644775,6.051492644930551,5.908261764368717,6.051492644930551,33100
2023-02-06,6.015684604644775,6.042540528144001,5.95302149458062,5.997780797932099,36100
2023-02-07,5.970925331115723,6.042540558324118,5.926165600680263,6.042540558324118,31500
2023-02-08,5.9172139167785645,5.997780834040433,5.908261799938121,5.9440694135790455,22500
2023-02-09,6.015684604644775,6.042540528144001,5.979876991219423,5.988829108005972,152800
2023-02-10,5.988829135894775,6.03358843945469,5.926165598678385,5.926165598678385,24900
2023-02-13,5.988829135894775,6.0514926731111665,5.908261791882334,5.997780825862589,34000
2023-02-14,5.979877471923828,6.114156246493381,5.908262239316189,5.997781280075738,37700
2023-02-15,6.024636745452881,6.0335884354147,5.988829131884755,6.024636745452881,29700
2023-02-16,6.024636745452881,6.141011702979501,5.9977808218465745,6.087300282627313,35300
2023-02-17,5.997780799865723,6.0783481435289515,5.9351176897813644,5.9351176897813644,18900
2023-02-21,5.92616605758667,6.015685098499068,5.90826224940419,5.935118175108139,37900
2023-02-22,5.970925331115723,5.979877021086559,5.908261793878164,5.908261793878164,12600
2023-02-23,6.051492691040039,6.069396497889134,6.0067329604870885,6.0067329604870885,42900
2023-02-24,5.881406307220459,5.944069417705365,5.845598693554677,5.926165610872474,35500
2023-02-27,5.935117721557617,5.99778083197747,5.890357991091644,5.926165604720253,48500
2023-02-28,5.8187432289123535,5.979877503120161,5.8187432289123535,5.908262270138913,57800
2023-03-01,5.827694892883301,5.917213927142403,5.827694892883301,5.881406313438762,48100
2023-03-02,5.899310111999512,5.97987702928926,5.881406305172854,5.881406305172854,50200
2023-03-03,5.961973667144775,5.997781283468853,5.90826224265866,5.917214360169908,38200
2023-03-06,5.970925331115723,6.060444365126217,5.926165600680263,6.060444365126217,34000
2023-03-07,5.997780799865723,6.060444336810503,5.961973186428826,5.961973186428826,44500
2023-03-08,6.024636745452881,6.042540552236943,5.961973208278448,5.961973208278448,21700
2023-03-09,5.863502502441406,5.9798770334657485,5.863502502441406,5.9798770334657485,45600
2023-03-10,5.908261775970459,5.935117699522421,5.8635024725310885,5.8635024725310885,31100
2023-03-13,5.9172139167785645,5.988829144060414,5.77398303535444,5.818742765835808,64700
2023-03-14,5.944069862365723,5.970925788054294,5.836647013332353,5.836647013332353,22000
2023-03-15,5.738175392150879,5.953021499749982,5.648656358509762,5.836646542586319,35100
2023-03-16,5.997780799865723,5.997780799865723,5.756079195736457,5.756079195736457,32500
2023-03-17,5.997780799865723,6.006732916655158,5.872454152836584,5.9530214964998125,22400
2023-03-20,5.899310111999512,5.97987702928926,5.854550381502655,5.890357995155971,24800
2023-03-21,5.935117721557617,6.042540562443443,5.935117721557617,5.9440694115345565,33500
2023-03-22,5.95302152633667,6.042540560377587,5.9351177195284865,6.042540560377587,22600
2023-03-23,5.997780799865723,6.060444336810503,5.9351176897813644,5.9351176897813644,25300
2023-03-24,6.087300777435303,6.132060084603521,5.979877501138569,5.979877501138569,29800
2023-03-27,5.988829135894775,6.06044436307898,5.863502488322419,5.935117715506623,63500
2023-03-28,6.015684604644775,6.060444334856678,5.9709253012932955,5.9709253012932955,13300
2023-03-29,6.042540550231934,6.069396473829329,5.953021516341323,5.970925323119445,21000
2023-03-30,6.060444355010986,6.087300278599523,6.042540548238771,6.087300278599523,24200
2023-03-31,6.087300777435303,6.105204585674682,5.935118193970351,5.944069884659811,73200
2023-04-03,5.997780799865723,6.069396453599939,5.9172138830629155,5.9530214964998125,26600
2023-04-04,6.060444355010986,6.132059582099853,6.0067329346943374,6.0067329346943374,18000
2023-04-05,6.060444355010986,6.087300278599523,5.773983019795099,5.961973204333584,20700
2023-04-06,5.997780799865723,6.0425405300920545,5.90826176627348,5.9888291099367095,23400
2023-04-10,5.979877471923828,5.997781280075738,5.773983464746637,5.997781280075738,30700
2023-04-11,5.997780799865723,6.015684606584171,5.90826176627348,5.90826176627348,37800
2023-04-12,5.908261775970459,6.015684616457459,5.836646548979126,5.881406279278921,49300
2023-04-13,5.988829135894775,5.997780825862589,5.88140629511847,5.944069405474436,41600
2023-04-14,6.033588409423828,6.096251946328325,5.988829106086692,5.997780796009951,32600
2023-04-17,6.015684604644775,6.042540528144001,5.899310074442591,6.042540528144001,42000
2023-04-18,6.006732940673828,6.042540554253907,5.979877017058557,6.033588437428675,41400
2023-04-19,5.961973667144775,6.0067334009801,5.926166050820699,5.926166050820699,13700
2023-04-20,6.024636745452881,6.042540552236943,5.953021518316629,5.953021518316629,47000
2023-04-21,6.006732940673828,6.024636747463867,5.935117713513672,5.935117713513672,21200
2023-04-24,5.979877471923828,6.006733397581922,5.926166047468099,5.926166047468099,38000
2023-04-25,5.988829135894775,6.042540556282929,5.926165598678385,5.926165598678385,61700
2023-04-26,5.944069862365723,6.015685095054636,5.881406747193153,5.881406747193153,24000
2023-04-27,5.970925331115723,5.979877021086559,5.9440694074823615,5.9440694074823615,16200
2023-04-28,6.024636745452881,6.051492669059187,5.961973208278448,5.961973208278448,26800
2023-05-01,6.006732940673828,6.051492671079139,5.836646562738245,6.042540554253907,32600
2023-05-02,6.078348159790039,6.132059580089075,6.015684622677617,6.132059580089075,33500
2023-05-03,6.087300777435303,6.096252468124763,5.988829618688488,5.988829618688488,41000
2023-05-04,6.096251964569092,6.096251964569092,6.051492661098031,6.087300274619049,24000
2023-05-05,6.078348159790039,6.132059580089075,5.970925319191966,5.970925319191966,48700
2023-05-08,6.06939697265625,6.132060088099573,5.979877504547858,6.033588929296617,43000
2023-05-09,6.078348159790039,6.176819310435151,6.015684622677617,6.105204083369769,78800
2023-05-10,6.06939697265625,6.158916013904182,6.0156851210470315,6.158916013904182,39600
2023-05-11,6.015684604644775,6.10520406506858,5.95302149458062,5.95302149458062,28900
2023-05-12,5.890357971191406,5.92616558469904,5.782935130668502,5.782935130668502,40100
2023-05-15,5.899310111999512,5.899310111999512,5.782935154196023,5.836646574675997,55900
2023-05-16,5.881406307220459,5.899310114053351,5.872454190373801,5.872454190373801,73300
2023-05-17,5.908261775970459,5.953021506270254,5.845598665783255,5.845598665783255,27100
2023-05-18,5.8724541664123535,6.015684620491057,5.818742746132839,5.953021510261836,23100
2023-05-19,5.92616605758667,5.9440698657691495,5.863502942378221,5.863502942378221,26800
2023-05-22,5.92616605758667,5.953021983290618,5.8993105587431796,5.90826224940419,26200
2023-05-23,5.92616605758667,5.92616605758667,5.818743208491793,5.818743208491793,47700
2023-05-24,5.863502502441406,5.917213922958894,5.7918868482243315,5.827694888763082,90700
2023-05-25,5.890357971191406,5.935117701506161,5.872454164437588,5.890357971191406,23700
2023-05-26,5.9172139167785645,5.961973220399508,5.845598689496715,5.845598689496715,38100
2023-05-30,6.185770511627197,6.221578122330595,6.1499629009238,6.1499629009238,113000
2023-05-31,6.096251964569092,6.203674805132146,6.060444351048074,6.203674805132146,61900
2023-06-01,6.266338348388672,6.266338348388672,6.114155777344422,6.114155777344422,54400
2023-06-02,6.239482402801514,6.311098056522032,6.2215785960864896,6.293194249807008,44800
2023-06-05,6.176819324493408,6.302145972143067,6.176819324493408,6.275290475362638,27900
2023-06-06,6.132059574127197,6.203674801122951,6.09625196062932,6.203674801122951,51500
2023-06-07,6.176819324493408,6.239482434888026,6.158915517686315,6.203674821273837,37600
2023-06-08,6.194723129272461,6.212626936073694,6.132059592037934,6.158915515669996,19400
2023-06-09,6.212627410888672,6.266338835397395,6.1052045618712265,6.212627410888672,26100
2023-06-12,6.409568786621094,6.490136130351831,6.36480948321768,6.36480948321768,43400
2023-06-13,6.49013614654541,6.5348958769209275,6.472232339767288,6.481184029726137,79700
2023-06-14,6.49013614654541,6.579655180436021,6.454328532989166,6.49013614654541,71900
2023-06-15,6.409568786621094,6.5527996673491185,6.320049752953842,6.320049752953842,52000
2023-06-16,6.499088287353516,6.5438475910338205,6.4453764399604685,6.4453764399604685,60800
2023-06-20,6.49013614654541,6.5617513736578985,6.4006171126548,6.472232339767288,46500
2023-06-21,6.454328536987305,6.49013615056573,6.445376420162486,6.4632802269516985,40500
2023-06-22,6.445376396179199,6.454328512970707,6.382713286080337,6.454328512970707,17900
2023-06-23,6.400617599487305,6.481184522686581,6.221579091227948,6.230531208728121,28700
2023-06-26,6.606511116027832,6.660222536459714,6.543847578760424,6.55279969559595,57400
2023-06-27,6.49013614654541,6.615462793992265,6.472232339767288,6.525943760101654,29800
2023-06-28,6.552799701690674,6.588607315345233,6.400617130228586,6.588607315345233,50000
2023-06-29,6.400617599487305,6.463280714546691,6.3021464412876815,6.436425215767085,47900
2023-06-30,6.391664981842041,6.508039939075263,6.373761175103117,6.382713291902791,75500
2023-07-03,6.772624969482422,6.819657267985272,6.631528971040353,6.725593119512813,92800
2023-07-05,6.509245872497559,6.518652063827788,6.405775076665388,6.509245872497559,72500
2023-07-06,6.27408504486084,6.33992972753219,6.236459383753422,6.283491235871064,60800
2023-07-07,6.377555847167969,6.4622133605257055,6.245865584552359,6.311710715860164,43900
2023-07-10,6.151801586151123,6.302304234596837,6.104769284245201,6.208240079318266,25600
2023-07-11,6.245865821838379,6.2834914844341965,6.161208305264428,6.1800211365623365,22500
2023-07-12,6.4810261726379395,6.537464664226667,6.302304058340338,6.302304058340338,51800
2023-07-13,6.34933614730835,6.528058255649167,6.34933614730835,6.4528069360389795,80400
2023-07-14,6.584496974945068,6.669154936725006,6.490432822152505,6.490432822152505,91900
2023-07-17,6.584496974945068,6.73499961941317,6.584496974945068,6.640935466620607,38000
2023-07-18,6.706780910491943,6.725593741927453,6.584497281894486,6.584497281894486,24000
2023-07-19,6.4810261726379395,6.546871303758086,6.4245876810492115,6.4245876810492115,39000
2023-07-20,6.415181636810303,6.5468714535299855,6.349336504183827,6.5468714535299855,17700
2023-07-21,6.4434003829956055,6.490432682647609,6.377555701722702,6.433994192185155,26400
2023-07-24,6.433994293212891,6.490432784561551,6.368149162372824,6.368149162372824,30600
2023-07-25,6.659748077392578,6.678560907330226,6.546871097766695,6.565683927704342,37000
2023-07-26,6.631529331207275,6.6785611837312455,6.584497030150041,6.593903669774794,41600
2023-07-27,6.462213039398193,6.650341784414677,6.462213039398193,6.565683826730598,32200
2023-07-28,6.575090408325195,6.603309878742584,6.433994401838049,6.509245724906732,22200
2023-07-31,6.537464618682861,6.593903558411663,6.509245597351717,6.509245597351717,39400
2023-08-01,6.5656843185424805,6.640935642772585,6.462213523459449,6.5562776787470805,23200
2023-08-02,6.330523490905762,6.377555791217761,6.321116851430059,6.377555791217761,40600
2023-08-03,6.27408504486084,6.321116896978481,6.208239913656229,6.321116896978481,19000
2023-08-04,6.471620082855225,6.556277597295721,6.471620082855225,6.509245744502838,53800
2023-08-07,6.415181636810303,6.5750904757032815,6.396368805850348,6.481026320903509,50400
2023-08-08,6.4434003829956055,6.509245512801759,6.3963685318768535,6.415181362031005,28400
2023-08-09,6.556277275085449,6.6315290432156715,6.490432594704717,6.593903383417183,104000
2023-08-10,6.471620082855225,6.603309898621871,6.443400612352881,6.537464766471914,84800
2023-08-11,6.396368980407715,6.490433137774505,6.3493366774576785,6.462213666297827,39500
2023-08-14,6.217646598815918,6.349336413658031,6.15180146712823,6.161208106740728,107000
2023-08-15,6.170614242553711,6.208239903600183,6.13298858150724,6.170614242553711,43200
2023-08-16,6.095362663269043,6.208239641645653,6.076549833539608,6.10476885386714,37500
2023-08-17,6.161208152770996,6.255272306932398,6.1235824911064345,6.1518015130882215,30800
2023-08-18,6.198833465576172,6.198833465576172,6.114175507328675,6.114175507328675,62600
2023-08-21,6.198833465576172,6.255271954896755,6.114175507328675,6.255271954896755,45400
2023-08-22,6.180020809173584,6.208239830358895,6.151801339455018,6.17061416975631,16300
2023-08-23,6.255272388458252,6.255272388458252,6.132988762188055,6.132988762188055,33600
2023-08-24,6.34933614730835,6.424587466918537,6.311710487503256,6.339929508090454,23800
2023-08-25,6.321116924285889,6.396368695359073,6.274085071965068,6.302304093650908,31000
2023-08-28,6.321116924285889,6.386962055774951,6.2082399404760045,6.386962055774951,22100
2023-08-29,6.245865821838379,6.29289812434979,6.208240159242561,6.29289812434979,28500
2023-08-30,6.170614242553711,6.2176465431284305,6.170614242553711,6.208239903600183,20900
2023-08-31,6.208240032196045,6.25527233374498,6.095363046718527,6.25527233374498,39400
2023-09-01,6.255272388458252,6.321117072962763,6.208240086497938,6.321117072962763,22600
2023-09-05,6.198833465576172,6.283490975290426,6.161207806029116,6.189426826422787,101900
2023-09-06,6.114175796508789,6.22705278048866,6.114175796508789,6.114175796508789,22900
2023-09-07,6.132988929748535,6.208240256114374,6.076550434974156,6.208240256114374,39500
2023-09-08,6.132988929748535,6.189427424522914,6.085956626503243,6.085956626503243,22500
2023-09-11,6.104769229888916,6.1612081710868045,6.001298884270414,6.038924546046827,44700
2023-09-12,6.132988929748535,6.274085390951125,6.114176098157076,6.151801761339995,28900
2023-09-13,6.180020809173584,6.2364593000774615,6.104769039435158,6.104769039435158,33300
2023-09-14,6.189427375793457,6.283491533010186,6.132988881463419,6.151801712906765,20600
2023-09-15,6.151801586151123,6.245865741429695,6.114175924039694,6.114175924039694,28200
2023-09-18,6.180020809173584,6.227052660660188,6.085956209133866,6.132988509153725,18100
2023-09-19,6.14239501953125,6.1894268700298065,6.1235821896251785,6.180020679343394,27000
2023-09-20,6.14239501953125,6.208239699935879,6.095362720499448,6.11417555040552,21800
2023-09-21,6.020111560821533,6.104769073381472,6.020111560821533,6.104769073381472,60300
2023-09-22,6.067143440246582,6.189427062709415,6.020111588283903,6.161208041238459,24600
2023-09-25,6.020111560821533,6.114175712851052,6.020111560821533,6.114175712851052,43800
2023-09-26,5.944859981536865,6.0765497886705155,5.926047151946344,5.991891831246551,41500
2023-09-27,5.954266548156738,6.010705040493145,5.935453717377936,5.935453717377936,35300
2023-09-28,6.01070499420166,6.029517824835575,5.963673141883503,5.963673141883503,30000
2023-09-29,5.93545389175415,6.085956542406149,5.93545389175415,6.010705217080149,33300
2023-10-02,5.963673114776611,6.0295177974293965,5.907234623131398,5.907234623131398,12400
2023-10-03,5.944859981536865,6.00129847030843,5.926047151946344,5.963672811127387,41800
2023-10-04,5.850795745849609,5.926047517385452,5.850795745849609,5.869608576600254,38500
2023-10-05,5.982485771179199,5.982485771179199,5.897827811909081,5.897827811909081,36200
2023-10-06,6.076550006866455,6.142395137064257,6.048330537200753,6.085956197732854,37800
2023-10-09,6.123582363128662,6.208239875838019,6.076550062764262,6.076550062764262,27200
2023-10-10,6.198833465576172,6.255271954896755,6.085956038401763,6.085956038401763,47600
2023-10-11,6.095362663269043,6.198833451047555,6.0671431944082705,6.114175492998478,35500
2023-10-12,6.076550006866455,6.142395137064257,6.067143367466803,6.095362837132505,29600
2023-10-13,6.104769229888916,6.208240024040687,6.0765502078232405,6.0765502078232405,24500
2023-10-16,6.208240032196045,6.208240032196045,6.067143576082512,6.067143576082512,24100
2023-10-17,6.067143440246582,6.198833702221906,6.067143440246582,6.198833702221906,33500
2023-10-18,5.973079204559326,6.198833615847615,5.973079204559326,6.001298674170332,310700
2023-10-19,5.954266548156738,6.11417583404319,5.954266548156738,6.067143532829552,33300
2023-10-20,5.954266548156738,5.991892209714343,5.850795754606692,5.926047526255168,28100
2023-10-23,5.737918853759766,5.794357346920688,5.643854698491561,5.737918853759766,98700
2023-10-24,5.64385461807251,5.747325411659821,5.549790464144621,5.549790464144621,106800
2023-10-25,5.709700107574463,5.784951435428279,5.6250421394722725,5.784951435428279,70000
2023-10-26,5.653261184692383,5.76613816794749,5.643854545154493,5.76613816794749,46800
2023-10-27,5.625041961669922,5.672074264358557,5.5968224903500845,5.672074264358557,47700
2023-10-30,5.455726146697998,5.53097746758488,5.380474377277863,5.53097746758488,60900
2023-10-31,5.549790382385254,5.568603212893682,5.408693929305417,5.408693929305417,661200
2023-11-01,5.483944892883301,5.52157055144077,5.305222790468706,5.483944892883301,42800
2023-11-02,5.625041961669922,5.643854793038719,5.427507008030904,5.436913647981943,41000
2023-11-03,5.606228828430176,5.625041658785984,5.44631954613917,5.559196528274025,46100
2023-11-06,5.568603038787842,5.5968220594015685,5.455726059266445,5.455726059266445,42800
2023-11-07,5.578009128570557,5.615634787730343,5.474538790147763,5.521570639830877,18400
2023-11-08,5.615634918212891,5.69088668681422,5.55919642816183,5.55919642816183,54400
2023-11-09,5.615634918212891,5.69088668681422,5.5215707681277895,5.5215707681277895,20100
2023-11-10,5.625041961669922,5.643854793038719,5.493352142088336,5.5497906361947305,226200
2023-11-13,5.578009128570557,5.634447617310236,5.48394498067109,5.48394498067109,35900
2023-11-14,5.662667274475098,5.766138064876005,5.512164632825236,5.512164632825236,37700
2023-11-15,5.831982612609863,5.897827741088544,5.7849507624392995,5.7849507624392995,57200
2023-11-16,5.93545389175415,5.98248619434954,5.7473255784391535,5.775544601169764,33900
2023-11-17,5.991892337799072,6.048330831341928,5.803764025989555,5.916641013075266,26800
2023-11-20,5.860202312469482,5.9730792955668255,5.775544350879845,5.775544350879845,26100
2023-11-21,6.095362663269043,6.10476885386714,5.888421536245259,6.095362663269043,24700
2023-11-22,6.020111560821533,6.020111560821533,5.813169977823335,5.84138944769882,22100
2023-11-24,5.973079204559326,5.973079204559326,5.879015053411394,5.963673013711159,8800
2023-11-27,5.8413896560668945,6.001298944487825,5.83198301626177,5.83198301626177,44500
2023-11-28,5.831982612609863,6.048330379287536,5.813169782834989,5.935453400638291,42900
2023-11-29,5.973079204559326,6.095362825318264,5.879015053411394,5.879015053411394,29000
2023-11-30,5.973079204559326,6.020111504399919,5.850795583800389,5.850795583800389,12100
2023-12-01,5.954266548156738,5.97307937893554,5.784951071147518,5.784951071147518,10300
2023-12-04,5.9072346687316895,5.963673160812574,5.737918743955771,5.954266521199128,51100
2023-12-05,6.020111560821533,6.114175712851052,5.935453599728338,5.973079260540145,30600
2023-12-06,5.926047325134277,6.03892430597622,5.879015025516842,5.9918920063587855,42700
2023-12-07,5.944859981536865,5.982485640717909,5.907234322355823,5.963672811127387,58300
2023-12-08,5.954266548156738,5.991892209714343,5.869608585385495,5.869608585385495,16700
2023-12-11,5.93545389175415,5.93545389175415,5.831983095164262,5.8507959264957625,103900
2023-12-12,5.8790154457092285,5.935453940164043,5.841389782739352,5.86020261422429,50500
2023-12-13,5.982485771179199,6.020111431180752,5.860202151907527,5.879014981908304,24400
2023-12-14,6.001298427581787,6.104768765326372,6.001298427581787,6.104768765326372,37600
2023-12-15,5.982485771179199,6.048330451915294,5.95426630191141,5.95426630191141,59100
2023-12-18,5.93545389175415,6.001299025681039,5.93545389175415,5.9542667230856505,64000
2023-12-19,6.029517650604248,6.076549950096603,5.907234479283974,5.907234479283974,71500
2023-12-20,6.076550006866455,6.151801327930656,6.057737176600406,6.057737176600406,95200
2023-12-21,6.161208152770996,6.161208152770996,5.944860373933135,5.982486035597697,39400
2023-12-22,6.161208152770996,6.208240005585064,5.973079395914922,6.161208152770996,46500
2023-12-26,6.208240032196045,6.208240032196045,6.114175877631446,6.1800210100933,48800
2023-12-27,6.114175796508789,6.255272250750259,5.954266511604006,6.208239949825348,47500
2023-12-28,6.264678478240967,6.302304139786363,6.095363001286683,6.104769192406399,70600
2023-12-29,6.311710834503174,6.339929856641773,6.292898003566351,6.292898003566351,29500
2024-01-02,6.189427375793457,6.311711004441846,6.170614544350111,6.170614544350111,21000
2024-01-03,6.189427375793457,6.236459678668463,6.142395521451733,6.170614544350111,17400
2024-01-04,6.208240032196045,6.245865694021885,6.142395348267461,6.142395348267461,24100
2024-01-05,6.132988929748535,6.227053087705833,5.963673445425399,6.0953632665656166,37500
2024-01-08,6.095362663269043,6.161207791588685,6.029517534949401,6.10476885386714,45800
2024-01-09,6.020111560821533,6.123582352320632,6.00129873041563,6.123582352320632,153800
2024-01-10,5.916640758514404,6.057737210567567,5.907234567595264,6.0012987194529535,62400
2024-01-11,5.813169956207275,5.944860217092173,5.681480143855633,5.879015086649724,226800
2024-01-12,5.8413896560668945,5.973079473605725,5.775544523030843,5.775544523030843,31900
2024-01-16,5.784951210021973,5.8790153661741025,5.7002932452184165,5.737918907679269,40700
2024-01-17,5.690886974334717,5.784951129172218,5.681480334584331,5.681480334584331,22900
2024-01-18,5.897828102111816,5.963673234621069,5.737918814970252,5.841389609332429,81800
2024-01-19,5.9072346687316895,5.926047499425318,5.831982897423912,5.869608558811168,15800
2024-01-22,5.7567315101623535,5.907234602558704,5.737918679679467,5.803763810636199,53100
2024-01-23,6.001298427581787,6.0107046180434605,5.926047109755458,5.926047109755458,27800
2024-01-24,6.020111560821533,6.0577372216333405,5.963673069603822,6.00129873041563,28800
2024-01-25,6.029517650604248,6.038924289916019,5.907234479283974,5.907234479283974,23500
2024-01-26,6.038924217224121,6.114175536679473,6.02951757802558,6.02951757802558,44700
2024-01-29,6.095362663269043,6.095362663269043,5.944860025433564,5.944860025433564,58400
2024-01-30,6.057736873626709,6.1141753616021255,6.0012983856512925,6.0012983856512925,37200
2024-01-31,6.029517650604248,6.1047689709654165,6.001298629735435,6.057737120006311,19800
2024-02-01,6.057736873626709,6.1141753616021255,6.029517405372385,6.0671430640226625,15500
2024-02-02,5.973079204559326,6.104769016166431,5.973079204559326,5.973079204559326,31700
2024-02-05,6.038924217224121,6.067143237753256,5.9730790884340665,5.9730790884340665,48700
2024-02-06,5.991892337799072,6.067143662522879,5.991892337799072,6.029518000160976,14900
2024-02-07,6.067143440246582,6.170614232217692,6.020111588283903,6.020111588283903,48500
2024-02-08,6.123582363128662,6.123582363128662,5.973079271082539,5.973079271082539,31300
2024-02-09,6.114175796508789,6.1612080974337005,6.029517834257254,6.048330664920566,34400
2024-02-12,6.057736873626709,6.189426678902681,5.926047068350737,5.973078917396968,60500
2024-02-13,6.020111560821533,6.067143412569664,5.973079260540145,5.973079260540145,26000
2024-02-14,6.020111560821533,6.104769073381472,5.973079260540145,6.067143412569664,55500
2024-02-15,6.001298427581787,6.001298427581787,5.973078959130296,5.973078959130296,16500
2024-02-16,5.973079204559326,6.020111504399919,5.897827883640981,5.897827883640981,30900
2024-02-20,6.095362663269043,6.10476885386714,5.982485684892434,5.991891875490531,56600
2024-02-21,6.057736873626709,6.10476872267294,6.020111214976431,6.020111214976431,29300
2024-02-22,6.048330783843994,6.095363085693664,6.0012989305275966,6.0012989305275966,36700
2024-02-23,6.020111560821533,6.0577372216333405,6.020111560821533,6.020111560821533,57300
2024-02-26,6.029517650604248,6.095362780186895,5.926047309374266,5.926047309374266,27700
2024-02-27,6.020111560821533,6.095362882445148,5.991892090946049,5.991892090946049,23100
2024-02-28,5.991892337799072,6.038924640018089,5.869608710856248,5.879015350713361,29000
2024-02-29,6.020111560821533,6.04833058216376,5.991892090946049,6.020111560821533,17400
2024-03-01,6.029517650604248,6.029517650604248,5.860202179791619,5.860202179791619,47000
2024-03-04,6.302304267883301,6.302304267883301,6.114175956332533,6.114175956332533,61500
2024-03-05,6.180020809173584,6.29289779098134,6.114175678852432,6.161207978872291,50200
2024-03-06,6.27408504486084,6.321116896978481,6.123582400431171,6.123582400431171,22300
2024-03-07,6.368149280548096,6.452807243408733,6.180020972561419,6.349336449749428,60000
2024-03-08,6.198833465576172,6.349336103764394,6.189426826422787,6.349336103764394,31200
2024-03-11,6.386961936950684,6.4339942369297685,6.255272124955802,6.255272124955802,33900
2024-03-12,6.998379707336426,7.054818199105276,6.7349996305485265,6.772625291727761,113200
2024-03-13,7.064224720001221,7.083037550274818,6.894908799005591,6.894908799005591,88700
2024-03-14,7.515732765197754,7.685048688865908,7.24294649765824,7.308791628921774,152300
2024-03-15,7.779113292694092,7.891990276152791,7.7320809919863365,7.7320809919863365,75300
2024-03-18,7.9672417640686035,8.004867426003605,7.816739116328602,7.816739116328602,157700
2024-03-19,7.873176574707031,7.9954601911609995,7.769706236353584,7.769706236353584,530900
2024-03-20,8.033086776733398,8.042493416868506,7.901396506041626,7.901396506041626,78700
2024-03-21,8.305871963500977,8.418748939004978,8.117743670994306,8.117743670994306,62200
2024-03-22,8.48459529876709,8.512814320985937,8.240028047359642,8.240028047359642,66900
2024-03-25,8.63509750366211,8.700942184483408,8.381123625523108,8.381123625523108,86600
2024-03-26,8.362311363220215,8.503407366153054,8.33409144498044,8.33409144498044,61800
2024-03-27,8.653910636901855,8.700942940316883,8.446969040115679,8.446969040115679,45500
2024-03-28,8.983136177062988,9.124232195162781,8.766787932634488,8.766787932634488,124700
2024-04-01,8.860851287841797,9.293546818352395,8.76678669105261,8.92669596735434,103000
2024-04-02,9.180670738220215,9.227703041214083,9.020761446281004,9.039573829238611,220700
2024-04-03,9.284140586853027,9.312359608302065,9.12423130353095,9.143044582541322,75500
2024-04-04,9.171263694763184,9.31235970047139,9.096012372109936,9.096012372109936,38700
2024-04-05,8.992542266845703,9.124231636457326,8.851445360319113,8.851445360319113,90200
2024-04-08,9.208889961242676,9.227703241675547,8.992542618664174,9.218296601459112,54000
2024-04-09,9.143044471740723,9.190076771630165,9.124231192958343,9.180670132238976,47800
2024-04-10,8.954916954040527,9.077199688576588,8.889071369598128,9.077199688576588,36300
2024-04-11,8.653910636901855,8.89847789700674,8.559846927138373,8.88907125691042,40900
2024-04-12,8.63509750366211,8.73856784453365,8.559846183561627,8.559846183561627,21600
2024-04-15,8.042492866516113,8.616284419494121,8.033086227024707,8.616284419494121,104800
2024-04-16,8.06130599975586,8.098931664161723,7.854365294056906,7.901396701764287,71200
2024-04-17,8.37171745300293,8.399937372413865,8.202402421870055,8.202402421870055,29000
2024-04-18,8.41874885559082,8.446967874920608,8.230620564948152,8.230620564948152,16600
2024-04-19,8.117744445800781,8.3246860358431,7.9860541799435705,8.3246860358431,73200
2024-04-22,8.127150535583496,8.202401854675951,7.995460278638458,8.033085938184685,41400
2024-04-23,8.334091186523438,8.371716845943114,8.098930590883839,8.098930590883839,28200
2024-04-24,8.889070510864258,8.964321831185943,8.418749310320472,8.418749310320472,70500
2024-04-25,8.7667875289917,8.785600808974321,8.616284877396977,8.757381786066953,36600
2024-04-26,8.954916954040527,8.954916954040527,8.842039065586867,8.842039065586867,48000
2024-04-29,9.020761489868164,9.020761489868164,8.936103523483458,8.936103523483458,53900
2024-04-30,9.001947402954102,9.02076068138304,8.9361027225858,8.9361027225858,27500
2024-05-01,8.813819885253906,8.945510154730023,8.76678758207911,8.945510154730023,32700
2024-05-02,8.917289733886719,8.936103012926916,8.823226029885294,8.936103012926916,760200
2024-05-03,9.05838680267334,9.077199184994225,8.936103177854713,8.98313547925673,27500
2024-05-06,9.387611389160156,9.387611389160156,9.048980424016868,9.048980424016868,81200
2024-05-07,9.78268051147461,9.876745109438716,9.603958851822592,9.603958851822592,169300
2024-05-08,9.89555835723877,9.89555835723877,9.462862822662427,9.462862822662427,28700
2024-05-09,9.78268051147461,9.914370769211061,9.53811417148761,9.53811417148761,27000
2024-05-10,9.641584396362305,9.76386801342756,9.50048839816896,9.650991035459588,23600
2024-05-13,9.735649108886719,9.754461490238347,9.519300892410808,9.519300892410808,15000
2024-05-14,9.76386833190918,9.7826807136509,9.650991350259345,9.754461692505068,67700
2024-05-15,10.02724838256836,10.074280684524346,9.73564972516102,9.73564972516102,29000
2024-05-16,9.78268051147461,10.027247748528097,9.78268051147461,9.876745109438716,79400
2024-05-17,9.914371490478516,9.914371490478516,9.585146270719596,9.585146270719596,42700
2024-05-20,9.707428932189941,9.810900166595196,9.500488257512364,9.810900166595196,33100
2024-05-21,9.519301414489746,9.660398319164518,9.406424428989853,9.406424428989853,28300
2024-05-22,9.735649108886719,9.8391194489869,9.538114170828926,9.641584510929107,39900
2024-05-23,9.933184623718262,10.008435947627248,9.82030674078824,9.876745682253251,128000
2024-05-24,10.177750587463379,10.196563866252205,9.942589985002089,10.027247945418795,53700
2024-05-28,10.770355224609375,10.789168503068579,10.506975605645954,10.525787987038665,63700
2024-05-29,10.450536727905273,10.469350006473517,10.35647302626354,10.469350006473517,39300
2024-05-30,10.33765983581543,10.33765983581543,10.187157194252547,10.33765983581543,29900
2024-05-31,9.999029159545898,10.01784154171081,9.85793225650968,10.01784154171081,46800
2024-06-03,10.205970764160156,10.234189785991667,10.064873860869545,10.064873860869545,74000
2024-06-04,9.810900688171387,10.00843563145895,9.782680769797082,10.00843563145895,43500
2024-06-05,10.459943771362305,10.619853057105303,9.970810171552248,9.970810171552248,30100
2024-06-06,10.253002166748047,10.375285790756095,10.253002166748047,10.375285790756095,43900
2024-06-07,10.2341890335083,10.34706600960143,9.999028442380995,10.064873120835372,29700
2024-06-10,10.347065925598145,10.412910603517957,10.1683442725016,10.253001331084306,65900
2024-06-11,10.441131591796875,10.441131591796875,10.300034685543833,10.394099289712528,43500
2024-06-12,10.996109008789062,11.090173605455673,10.43172411998883,10.43172411998883,103800
2024-06-13,11.127799987792969,11.203051311189494,10.986703980691118,10.996109723315781,59300
2024-06-14,11.569902420043945,11.569902420043945,11.052548888407314,11.287709503054277,1324000
2024-06-17,11.758030891418457,11.758030891418457,11.287709655761718,11.287709655761718,1305800
2024-06-18,11.616934776306152,11.701591844436086,11.40999318327768,11.466431228697635,59400
2024-06-20,12.54817008972168,12.614014772393029,11.758030309399397,12.228351521775371,1285300
2024-06-21,11.927346229553223,12.37885416271493,11.927346229553223,12.37885416271493,615300
2024-06-24,11.99319076538086,12.040223065442714,11.92734608353417,12.002597404806533,44700
2024-06-25,12.087255477905273,12.134286881337967,11.682778949505169,11.682778949505169,509900
2024-06-26,11.946158409118652,12.07784866925901,11.852094706503975,12.07784866925901,75500
2024-06-27,12.256569862365723,12.303602160403516,11.635746040052977,11.635746040052977,52700
2024-06-28,12.143692970275879,12.265976587203086,12.087254929888847,12.265976587203086,41600
2024-07-01,12.313009262084961,12.33182164376707,12.22835130184921,12.22835130184921,51100
2024-07-02,12.11811637878418,12.851377474092121,12.060226884882933,12.54263596027825,79700
2024-07-03,12.060227394104004,12.147061178561124,12.00233789775848,12.060227394104004,33100
2024-07-05,12.668063163757324,12.68735904942675,12.224246751892446,12.224246751892446,68900
2024-07-08,13.478509902954102,13.507454190012743,13.053989398856643,13.053989398856643,59900
2024-07-09,13.275897979736328,13.459213023588358,13.218008485817519,13.459213023588358,52200
2024-07-10,13.324139595031738,13.39167657382304,13.150472026571448,13.218009005362749,93500
2024-07-11,13.314491271972656,13.661825490849004,13.227657487222986,13.324139674749805,100000
2024-07-12,12.83208179473877,13.044342048941221,12.65841423038019,12.706655322715608,169600
2024-07-15,12.619821548461914,12.793489112929562,12.590877261091407,12.590877261091407,90400
2024-07-16,12.532987594604492,12.600525491040568,12.465450618290712,12.600525491040568,48900
2024-07-17,12.214597702026367,12.465450643298368,12.156709127961934,12.28213467847564,114800
2024-07-18,11.741837501525879,12.021634741146267,11.741837501525879,11.915505070987614,117500
2024-07-19,11.790078163146973,11.86726354227377,11.577817910487132,11.770781358304124,51200
2024-07-22,11.452391624450684,11.46204002702803,11.240131368360633,11.346261956466815,118400
2024-07-23,11.683947563171387,11.693595965581594,11.384854449433368,11.693595965581594,54300
2024-07-24,11.230484008789062,11.626059317565492,11.211187203423226,11.40415065646998,88300
2024-07-25,11.211187362670898,11.375206530121009,11.04716819522079,11.1918914771533,50200
2024-07-26,11.095409393310547,11.375206636858701,11.095409393310547,11.346262348249539,80500
2024-07-29,10.998927116394043,11.12435359285939,10.969982828016605,10.969982828016605,291200
2024-07-30,11.114706039428711,11.452391855343116,10.998927046410955,10.998927046410955,35400
2024-07-31,11.80937385559082,12.031282507059036,11.50063234411047,11.50063234411047,52400
2024-08-01,11.29802131652832,11.98304228489629,11.29802131652832,11.98304228489629,44500
2024-08-02,10.728777885437012,10.921741334431466,10.497221746643667,10.757722172755605,156500
2024-08-05,9.686774253845215,10.072701148371998,8.307083995697948,8.538641052536313,222500
2024-08-06,9.918330192565918,10.005163972131593,9.214013394083938,9.831496413000243,66500
2024-08-07,9.667478561401367,10.159535131676149,9.648181756230196,10.034108658430478,39900
2024-08-08,10.014812469482422,10.024460871775227,9.648181463456405,9.648181463456405,542000
2024-08-09,10.043757438659668,10.169183916621352,9.98586886121418,10.091998533279138,520200
2024-08-12,10.381443977355957,10.420036668270493,10.091998335435767,10.091998335435767,339900
2024-08-13,11.288372993469238,11.674300833662095,10.757722788280532,11.577818643583292,103300
2024-08-14,11.29802131652832,11.346262411226247,11.095409454894911,11.211187530096524,74800
2024-08-15,10.979631423950195,11.066465210732003,10.719130063604771,10.931390329057818,50300
2024-08-16,10.969982147216797,10.998926433797944,10.738426014323052,10.738426014323052,62400
2024-08-19,11.346261978149414,11.346261978149414,10.989279363206233,10.989279363206233,32600
2024-08-20,11.19189167022705,11.269077053873664,11.095409480607609,11.24013184491442,25600
2024-08-21,11.14365005493164,11.14365005493164,10.950686604827839,11.095408962375112,336700
2024-08-22,10.564759254455566,11.008575669497978,10.564759254455566,11.008575669497978,51100
2024-08-23,10.998927116394043,11.211187378114039,10.613000204287083,10.786667774796383,197800
2024-08-26,10.902445793151855,11.114706053795668,10.777019317322434,11.114706053795668,17700
2024-08-27,10.979631423950195,11.037520001723164,10.42003693149227,10.42003693149227,26100
2024-08-28,11.19189167022705,11.249780247900834,11.047168385797889,11.056816788784303,37800
2024-08-29,11.095409393310547,11.26907696521021,10.95068703014239,10.95068703014239,43000
2024-08-30,11.047167778015137,11.336613410826661,10.9989266858595,11.11470567508195,48000
2024-09-03,10.622648239135742,11.201538587242544,10.622648239135742,10.902445470751273,109800
2024-09-04,10.757721900939941,10.902445174120782,10.535814170233843,10.535814170233843,21500
2024-09-05,10.545462608337402,10.622647986247461,10.487573114843716,10.487573114843716,29800
2024-09-06,10.188480377197266,10.69018535191724,10.140239284212843,10.632296776433787,37700
2024-09-09,10.323554039001465,10.468277313827539,10.0244609272477,10.13059059268899,56900
2024-09-10,10.072701454162598,10.140239352846846,9.831496907730212,9.831496907730212,21500
2024-09-11,10.410387992858887,10.458629085269186,9.908683024109774,9.908683024109774,15900
2024-09-12,10.497221946716309,10.73842649258721,10.22707311297515,10.22707311297515,20400
2024-09-13,10.555110931396484,10.641944718493807,10.130591319070236,10.130591319070236,18300
2024-09-16,10.786667823791504,10.854204803686404,10.294610318528358,10.294610318528358,19000
2024-09-17,10.777019500732422,11.2690770096399,10.516518141855869,11.2690770096399,13700
2024-09-18,10.526165962219238,10.690185122777198,10.458628985562067,10.690185122777198,27700
2024-09-19,10.777019500732422,10.815612192404243,10.130591225137659,10.130591225137659,38600
2024-09-20,10.651592254638672,10.80596301019365,10.651592254638672,10.690184943527417,24900
2024-09-23,10.699833869934082,10.85420463305124,10.6130000856501,10.65159277642939,23100
2024-09-24,11.24977970123291,11.269076506268037,10.61299985703064,10.61299985703064,45000
2024-09-25,11.481335639953613,11.55852101849847,11.143649838850443,11.143649838850443,33600
2024-09-26,11.626059532165527,11.78043029745239,11.413799269834922,11.577818437982797,43700
2024-09-27,11.500633239746094,11.741837794404994,11.404151049833592,11.404151049833592,27200
2024-09-30,11.230484008789062,11.490984440371601,11.124353419521604,11.490984440371601,24400
2024-10-01,11.037519454956055,11.490984252285287,10.854204407592748,11.240131307369344,57000
2024-10-02,11.124353408813477,11.17259450205931,10.921741553278833,10.921741553278833,30300
2024-10-03,11.085761070251465,11.182243259806766,10.998927283676164,11.143650568009116,9600
2024-10-04,11.40415096282959,11.433096171655926,11.240131793303078,11.240131793303078,21900
2024-10-07,11.751485824584961,11.809374400597966,11.220835637146687,11.220835637146687,278800
2024-10-08,11.819023132324219,11.905856918883321,11.626059673371968,11.819023132324219,58600
2024-10-09,12.050579071044922,12.07952427947025,11.770781830456416,11.819022924376297,173200
2024-10-10,12.002337455749512,12.060226949963145,11.867263502788193,11.973393168703844,31500
2024-10-11,12.031283378601074,12.060227667368501,11.98304228390713,12.040930861441982,18400
2024-10-14,12.031283378601074,12.031283378601074,11.626059655367705,11.857615805751816,40100
2024-10-15,12.108468055725098,12.340024192601575,12.060226963845256,12.060226963845256,37700
2024-10-16,12.301431655883789,12.320728460924276,11.732188788901754,11.896207951256656,31000
2024-10-17,12.783841133117676,12.822433824261816,12.060227484073279,12.301432033754743,82400
2024-10-18,12.581229209899902,12.79348947016261,12.561933324488201,12.571580807132886,38700
2024-10-21,12.639118194580078,12.774192147359395,12.407561138159846,12.5619328158141,29000
2024-10-22,12.8610258102417,12.909266901557421,12.475098919960486,12.639118078360573,58700
2024-10-23,12.793489456176758,12.918915931643864,12.600526001659032,12.918915931643864,42200
2024-10-24,12.600525856018066,12.716303927390502,12.54263636027069,12.687358719455654,15400
2024-10-25,12.783841133117676,13.0732867767599,12.52333977780297,12.52333977780297,53800
2024-10-28,12.812785148620605,12.976804312521304,12.735599767975843,12.783840860909399,29400
2024-10-29,12.542635917663574,12.774192052237245,12.513691630872437,12.774192052237245,46700
2024-10-30,12.581229209899902,12.87067485205408,12.446154331528664,12.87067485205408,76000
2024-10-31,12.3496732711792,12.59087782366269,12.156709813216876,12.301432176658032,47400
2024-11-01,12.542635917663574,12.59087700906366,11.954097178924922,11.954097178924922,37700
2024-11-04,12.745247840881348,12.84173002425257,12.262838764269825,12.417209521565946,50800
2024-11-05,12.899619102478027,12.928563390572032,12.561933287721773,12.639118669387337,55800
2024-11-06,12.542635917663574,12.899618521828556,12.46545053947235,12.793488856846196,66900
2024-11-07,12.938211441040039,13.131174889950099,12.7355995896539,12.7355995896539,48000
2024-11-08,12.83208179473877,13.07328633629355,12.83208179473877,13.07328633629355,41600
2024-11-11,12.90926742553711,13.111879281189216,12.832082044347958,12.832082044347958,25800
2024-11-12,12.581229209899902,12.851378046520047,12.532988116187152,12.851378046520047,41500
2024-11-13,12.639118194580078,12.774192147359395,12.542636011061457,12.639118194580078,44000
2024-11-14,12.41720962524414,12.532987694182927,12.301431556305355,12.532987694182927,33700
2024-11-15,12.156709671020508,12.397914220682642,12.050579080290873,12.349673126725747,29400
2024-11-18,11.905856132507324,12.089171176373506,11.819022351683552,11.819022351683552,47300
2024-11-19,12.098819732666016,12.098819732666016,11.867263594271044,12.011985950737326,45200
2024-11-20,12.089171409606934,12.204949479564878,11.867263672218119,12.060227122148024,47800
2024-11-21,11.944449424743652,12.040930692656751,11.867264042364237,11.867264042364237,56400
2024-11-22,11.973393440246582,12.069875626083311,11.867263771924035,12.01198613055681,16900
2024-11-25,12.060227394104004,12.436506820044087,11.915505033423686,12.060227394104004,44000
2024-11-26,11.925152778625488,11.98304227624568,11.867264201127647,11.9637454703315,1316700
2024-11-27,11.577817916870117,11.867263548816329,11.529576824858697,11.867263548816329,62600
2024-11-29,11.78042984008789,11.81902252991128,11.577817988484519,11.577817988484519,11300
2024-12-02,11.70324420928955,11.780429587279933,11.336613203774098,11.57781774002461,51700
2024-12-03,11.626059532165527,11.751486008991689,11.442743558295623,11.577818437982797,20600
2024-12-04,11.983041763305664,12.060227143413726,11.365557802318849,11.375206204862934,50600
2024-12-05,11.838319778442383,12.262839382405572,11.70324489893838,11.896208355285284,19300
2024-12-06,11.751485824584961,11.819022803307574,11.70324473115924,11.70324473115924,26000
2024-12-09,11.606762886047363,11.819023151296747,11.57781859718865,11.664652383887141,36100
2024-12-10,11.211187362670898,11.384854932940977,11.095409289198292,11.384854932940977,57200
2024-12-11,11.240131378173828,11.269076585931138,11.018223639435009,11.095409019876538,37200
2024-12-12,11.027872085571289,11.19189124968785,10.950686704824944,10.950686704824944,28600
2024-12-13,11.124353408813477,11.240131480530085,10.950686761299727,11.240131480530085,48200
2024-12-16,10.786667823791504,10.94103858933547,10.690185635265355,10.854204803686404,59800
2024-12-17,10.680537223815918,10.796315297880968,10.613000243975225,10.613000243975225,51000
2024-12-18,10.420036315917969,10.902445396098223,10.420036315917969,10.612999763965611,73700
2024-12-19,10.439332008361816,10.661240659620617,10.352498228309342,10.516517386159064,32800
2024-12-20,10.834907531738281,10.834907531738281,10.072701219568675,10.738426267485776,63900
2024-12-23,10.960333824157715,10.998926513252124,10.834907354570309,10.834907354570309,29500
2024-12-24,10.902445793151855,10.921741678598202,10.728778223523069,10.844556296568149,15300
2024-12-26,10.979631423950195,11.00857571283668,10.68053737171534,10.68053737171534,29100
2024-12-27,10.76737117767334,10.969983040484284,10.516518219884103,10.516518219884103,44000
2024-12-30,10.71912956237793,10.921741415353894,10.612999894675209,10.815611747651174,67300
